2025-10-30 22:41:09 | INFO | Fetching listing page: https://uaelegislation.gov.ae/ar/legislations?sector=47
2025-10-30 22:41:10 | ERROR | PDF discovery error: 403 Client Error: Forbidden for url: https://uaelegislation.gov.ae/ar/legislations?sector=47
2025-10-30 22:41:10 | INFO | INGEST COMPLETE | files=0 chunks=0 time=0.33s | chroma_dir=vector_store/uae_legislation
2025-10-30 22:42:38 | INFO | Downloading PDF: https://arxiv.org/pdf/1706.03762.pdf
2025-10-30 22:42:41 | INFO | Saved PDF: uploads/legislation/1706.03762.pdf
2025-10-30 22:42:41 | INFO | Extracting text from PDF: uploads/legislation/1706.03762.pdf
2025-10-30 22:42:42 | INFO | Created 24 chunks from 1706.03762.pdf
2025-10-30 22:42:44 | ERROR | Ingest failed: Expected metadata value to be a str, int, float, bool, or None, got [1] which is a list in upsert.
Traceback (most recent call last):
  File "/Users/sainathreddy/tech/styli/styli-tk/akkio/akkio-fastapi/api/legislation_api.py", line 60, in ingest_legislation
    total_chunks += upsert_chunks(chunk_dicts)
                    ~~~~~~~~~~~~~^^^^^^^^^^^^^
  File "/Users/sainathreddy/tech/styli/styli-tk/akkio/akkio-fastapi/rag/chroma_store.py", line 68, in upsert_chunks
    col.upsert(ids=ids, documents=documents, metadatas=metadatas, embeddings=embeddings)
    ~~~~~~~~~~^^^^^^^^^^^^^^^^^^^^^^^^^^^^^^^^^^^^^^^^^^^^^^^^^^^^^^^^^^^^^^^^^^^^^^^^^^
  File "/Users/sainathreddy/tech/styli/styli-tk/akkio/akkio-fastapi/venv/lib/python3.13/site-packages/chromadb/api/models/Collection.py", line 365, in upsert
    upsert_request = self._validate_and_prepare_upsert_request(
        ids=ids,
    ...<4 lines>...
        uris=uris,
    )
  File "/Users/sainathreddy/tech/styli/styli-tk/akkio/akkio-fastapi/venv/lib/python3.13/site-packages/chromadb/api/models/CollectionCommon.py", line 95, in wrapper
    return func(self, *args, **kwargs)
  File "/Users/sainathreddy/tech/styli/styli-tk/akkio/akkio-fastapi/venv/lib/python3.13/site-packages/chromadb/api/models/CollectionCommon.py", line 415, in _validate_and_prepare_upsert_request
    validate_insert_record_set(record_set=upsert_records)
    ~~~~~~~~~~~~~~~~~~~~~~~~~~^^^^^^^^^^^^^^^^^^^^^^^^^^^
  File "/Users/sainathreddy/tech/styli/styli-tk/akkio/akkio-fastapi/venv/lib/python3.13/site-packages/chromadb/api/types.py", line 314, in validate_insert_record_set
    validate_metadatas(record_set["metadatas"])
    ~~~~~~~~~~~~~~~~~~^^^^^^^^^^^^^^^^^^^^^^^^^
  File "/Users/sainathreddy/tech/styli/styli-tk/akkio/akkio-fastapi/venv/lib/python3.13/site-packages/chromadb/api/types.py", line 791, in validate_metadatas
    validate_metadata(metadata)
    ~~~~~~~~~~~~~~~~~^^^^^^^^^^
  File "/Users/sainathreddy/tech/styli/styli-tk/akkio/akkio-fastapi/venv/lib/python3.13/site-packages/chromadb/api/types.py", line 757, in validate_metadata
    raise ValueError(
        f"Expected metadata value to be a str, int, float, bool, or None, got {value} which is a {type(value).__name__}"
    )
ValueError: Expected metadata value to be a str, int, float, bool, or None, got [1] which is a list in upsert.
2025-10-30 22:43:47 | INFO | Downloading PDF: https://arxiv.org/pdf/1706.03762.pdf
2025-10-30 22:43:49 | INFO | PDF unchanged, skipping: uploads/legislation/1706.03762.pdf
2025-10-30 22:43:49 | INFO | Extracting text from PDF: uploads/legislation/1706.03762.pdf
2025-10-30 22:43:49 | INFO | Created 24 chunks from 1706.03762.pdf
2025-10-30 22:43:51 | ERROR | Ingest failed: 'Client' object has no attribute 'persist'
Traceback (most recent call last):
  File "/Users/sainathreddy/tech/styli/styli-tk/akkio/akkio-fastapi/api/legislation_api.py", line 60, in ingest_legislation
    total_chunks += upsert_chunks(chunk_dicts)
                    ~~~~~~~~~~~~~^^^^^^^^^^^^^
  File "/Users/sainathreddy/tech/styli/styli-tk/akkio/akkio-fastapi/rag/chroma_store.py", line 70, in upsert_chunks
    get_client().persist()
    ^^^^^^^^^^^^^^^^^^^^
AttributeError: 'Client' object has no attribute 'persist'
2025-10-30 22:44:20 | INFO | Downloading PDF: https://arxiv.org/pdf/1706.03762.pdf
2025-10-30 22:44:22 | INFO | PDF unchanged, skipping: uploads/legislation/1706.03762.pdf
2025-10-30 22:44:22 | INFO | Extracting text from PDF: uploads/legislation/1706.03762.pdf
2025-10-30 22:44:23 | INFO | Created 24 chunks from 1706.03762.pdf
2025-10-30 22:44:25 | INFO | INGEST COMPLETE | files=1 chunks=24 time=4.86s | chroma_dir=vector_store/uae_legislation
2025-10-30 22:52:52 | INFO | Downloading PDF: https://arxiv.org/pdf/1706.03762.pdf
2025-10-30 22:52:56 | INFO | PDF unchanged, skipping: uploads/legislation/1706.03762.pdf
2025-10-30 22:52:56 | INFO | Extracting text from PDF: uploads/legislation/1706.03762.pdf
2025-10-30 22:52:56 | INFO | Created 24 chunks from 1706.03762.pdf
2025-10-30 22:53:01 | INFO | INGEST COMPLETE | files=1 chunks=24 time=8.74s | chroma_dir=vector_store/uae_legislation
2025-10-30 23:03:35 | INFO | Fetching listing page: https://uaelegislation.gov.ae/ar/legislations?sector=47
2025-10-30 23:03:35 | WARNING | HTTP/Browser fetch failed for https://uaelegislation.gov.ae/ar/legislations?sector=47: It looks like you are using Playwright Sync API inside the asyncio loop.
Please use the Async API instead.
2025-10-30 23:03:35 | ERROR | Failed to fetch listing HTML
2025-10-30 23:03:35 | INFO | INGEST COMPLETE | files=0 chunks=0 time=0.02s | chroma_dir=vector_store/uae_legislation
2025-10-30 23:07:16 | INFO | Fetching listing page: https://uaelegislation.gov.ae/en/legislations?sector=47
2025-10-30 23:07:16 | WARNING | HTTP/Browser fetch failed for https://uaelegislation.gov.ae/en/legislations?sector=47: It looks like you are using Playwright Sync API inside the asyncio loop.
Please use the Async API instead.
2025-10-30 23:07:16 | ERROR | Failed to fetch listing HTML
2025-10-30 23:07:16 | INFO | INGEST COMPLETE | files=0 chunks=0 time=0.00s | chroma_dir=vector_store/uae_legislation
2025-10-30 23:10:36 | INFO | [async] Fetching listing page: https://uaelegislation.gov.ae/en/legislations?sector=47
2025-10-30 23:10:41 | INFO | [async] Discovered 20 detail pages from listing (limited)
2025-10-30 23:11:26 | INFO | [async] PDF discovery completed: 0 links in 50.15s
2025-10-30 23:11:26 | INFO | INGEST COMPLETE | files=0 chunks=0 time=50.15s | chroma_dir=vector_store/uae_legislation
2025-10-30 23:19:29 | INFO | [async] Fetching listing page: https://uaelegislation.gov.ae/en/legislations?sector=47
2025-10-30 23:19:34 | INFO | [async] Discovered 10 detail pages from listing (limited)
2025-10-30 23:19:34 | WARNING | [async] Failed fetching detail page https://uaelegislation.gov.ae/language/ar: Page.goto: net::ERR_ABORTED at https://uaelegislation.gov.ae/language/ar
Call log:
  - navigating to "https://uaelegislation.gov.ae/language/ar", waiting until "networkidle"

2025-10-30 23:19:34 | WARNING | [async] Failed fetching detail page https://uaelegislation.gov.ae/en: Page.goto: net::ERR_ABORTED at https://uaelegislation.gov.ae/en
Call log:
  - navigating to "https://uaelegislation.gov.ae/en", waiting until "networkidle"

2025-10-30 23:19:34 | WARNING | [async] Failed fetching detail page https://uaelegislation.gov.ae/en/login: Page.goto: net::ERR_ABORTED at https://uaelegislation.gov.ae/en/login
Call log:
  - navigating to "https://uaelegislation.gov.ae/en/login", waiting until "networkidle"

2025-10-30 23:19:34 | WARNING | [async] Failed fetching detail page https://uaelegislation.gov.ae/en/constitution: Page.goto: net::ERR_ABORTED at https://uaelegislation.gov.ae/en/constitution
Call log:
  - navigating to "https://uaelegislation.gov.ae/en/constitution", waiting until "networkidle"

2025-10-30 23:19:34 | WARNING | [async] Failed fetching detail page https://uaelegislation.gov.ae/en/legislations: Page.goto: net::ERR_ABORTED at https://uaelegislation.gov.ae/en/legislations
Call log:
  - navigating to "https://uaelegislation.gov.ae/en/legislations", waiting until "networkidle"

2025-10-30 23:19:34 | WARNING | [async] Failed fetching detail page https://uaelegislation.gov.ae/en/legislations?sector=55: Page.goto: net::ERR_ABORTED at https://uaelegislation.gov.ae/en/legislations?sector=55
Call log:
  - navigating to "https://uaelegislation.gov.ae/en/legislations?sector=55", waiting until "networkidle"

2025-10-30 23:19:34 | WARNING | [async] Failed fetching detail page https://uaelegislation.gov.ae/en/legislations?sector=43: Page.goto: net::ERR_ABORTED at https://uaelegislation.gov.ae/en/legislations?sector=43
Call log:
  - navigating to "https://uaelegislation.gov.ae/en/legislations?sector=43", waiting until "networkidle"

2025-10-30 23:19:34 | WARNING | [async] Failed fetching detail page https://uaelegislation.gov.ae/en/legislations?sector=44: Page.goto: net::ERR_ABORTED at https://uaelegislation.gov.ae/en/legislations?sector=44
Call log:
  - navigating to "https://uaelegislation.gov.ae/en/legislations?sector=44", waiting until "networkidle"

2025-10-30 23:19:34 | WARNING | [async] Failed fetching detail page https://uaelegislation.gov.ae/en/legislations?sector=45: Page.goto: net::ERR_ABORTED at https://uaelegislation.gov.ae/en/legislations?sector=45
Call log:
  - navigating to "https://uaelegislation.gov.ae/en/legislations?sector=45", waiting until "networkidle"

2025-10-30 23:19:59 | WARNING | [async] Failed fetching detail page https://uaelegislation.gov.ae/en/legislations?sector=56: Page.goto: Timeout 25000ms exceeded.
Call log:
  - navigating to "https://uaelegislation.gov.ae/en/legislations?sector=56", waiting until "networkidle"

2025-10-30 23:19:59 | INFO | [async] PDF discovery completed: 0 links in 30.21s
2025-10-30 23:23:08 | INFO | [async] Fetching listing page: https://uaelegislation.gov.ae/en/legislations?sector=47
2025-10-30 23:23:18 | INFO | [async] Discovered 0 detail pages from listing (limited)
2025-10-30 23:23:19 | INFO | [async] PDF discovery completed: 0 links in 10.89s
2025-10-30 23:30:04 | INFO | [async] Fetching listing page: https://uaelegislation.gov.ae/en/legislations?sector=47
2025-10-30 23:30:08 | INFO | [async] Discovered 0 detail pages from listing (limited)
2025-10-30 23:30:08 | INFO | [async] PDF discovery completed: 0 links in 4.05s
2025-10-30 23:30:29 | INFO | [async] Fetching listing page: https://uaelegislation.gov.ae/en/legislations?sector=47
2025-10-30 23:30:32 | INFO | [async] Discovered 0 detail pages from listing (limited)
2025-10-30 23:30:33 | INFO | [async] PDF discovery completed: 0 links in 4.18s
2025-10-30 23:30:48 | INFO | [async] Fetching listing page: https://uaelegislation.gov.ae/en/legislations?sector=47
2025-10-30 23:30:52 | INFO | [async] Discovered 0 detail pages from listing (limited)
2025-10-30 23:30:52 | INFO | [async] PDF discovery completed: 0 links in 3.70s
2025-10-30 23:44:48 | INFO | [async] Fetching listing page: https://uaelegislation.gov.ae/en/legislations?sector=47
2025-10-30 23:44:53 | INFO | [async] Discovered 0 detail pages from listing (limited)
2025-10-30 23:44:53 | INFO | [async] PDF discovery completed: 0 links in 5.24s
2025-10-30 23:57:29 | INFO | [async] Fetching listing page: https://uaelegislation.gov.ae/en/legislations?sector=47
2025-10-30 23:57:38 | INFO | [async] Discovered 26 detail pages from listing (limited)
2025-10-30 23:57:38 | WARNING | [async] Failed fetching detail page https://uaelegislation.gov.ae/en/legislations/2121: Page.goto: net::ERR_ABORTED at https://uaelegislation.gov.ae/en/legislations/2121
Call log:
  - navigating to "https://uaelegislation.gov.ae/en/legislations/2121", waiting until "load"

2025-10-30 23:57:38 | WARNING | [async] Failed fetching detail page https://uaelegislation.gov.ae/en/legislations/1602: Page.goto: net::ERR_ABORTED at https://uaelegislation.gov.ae/en/legislations/1602
Call log:
  - navigating to "https://uaelegislation.gov.ae/en/legislations/1602", waiting until "load"

2025-10-30 23:57:38 | WARNING | [async] Failed fetching detail page https://uaelegislation.gov.ae/en/legislations/1609: Page.goto: net::ERR_ABORTED at https://uaelegislation.gov.ae/en/legislations/1609
Call log:
  - navigating to "https://uaelegislation.gov.ae/en/legislations/1609", waiting until "load"

2025-10-30 23:57:38 | WARNING | [async] Failed fetching detail page https://uaelegislation.gov.ae/en/legislations/1612: Page.goto: net::ERR_ABORTED at https://uaelegislation.gov.ae/en/legislations/1612
Call log:
  - navigating to "https://uaelegislation.gov.ae/en/legislations/1612", waiting until "load"

2025-10-30 23:57:38 | WARNING | [async] Failed fetching detail page https://uaelegislation.gov.ae/en/legislations/1581: Page.goto: net::ERR_ABORTED at https://uaelegislation.gov.ae/en/legislations/1581
Call log:
  - navigating to "https://uaelegislation.gov.ae/en/legislations/1581", waiting until "load"

2025-10-30 23:57:38 | WARNING | [async] Failed fetching detail page https://uaelegislation.gov.ae/en/legislations/1570: Page.goto: net::ERR_ABORTED at https://uaelegislation.gov.ae/en/legislations/1570
Call log:
  - navigating to "https://uaelegislation.gov.ae/en/legislations/1570", waiting until "load"

2025-10-30 23:57:38 | WARNING | [async] Failed fetching detail page https://uaelegislation.gov.ae/en/legislations/1615: Page.goto: net::ERR_ABORTED at https://uaelegislation.gov.ae/en/legislations/1615
Call log:
  - navigating to "https://uaelegislation.gov.ae/en/legislations/1615", waiting until "load"

2025-10-30 23:57:38 | WARNING | [async] Failed fetching detail page https://uaelegislation.gov.ae/en/legislations/1539: Page.goto: net::ERR_ABORTED at https://uaelegislation.gov.ae/en/legislations/1539
Call log:
  - navigating to "https://uaelegislation.gov.ae/en/legislations/1539", waiting until "load"

2025-10-30 23:57:38 | WARNING | [async] Failed fetching detail page https://uaelegislation.gov.ae/en/legislations/1978: Page.goto: net::ERR_ABORTED at https://uaelegislation.gov.ae/en/legislations/1978
Call log:
  - navigating to "https://uaelegislation.gov.ae/en/legislations/1978", waiting until "load"

2025-10-30 23:57:38 | WARNING | [async] Failed fetching detail page https://uaelegislation.gov.ae/en/legislations/1515: Page.goto: net::ERR_ABORTED at https://uaelegislation.gov.ae/en/legislations/1515
Call log:
  - navigating to "https://uaelegislation.gov.ae/en/legislations/1515", waiting until "load"

2025-10-30 23:57:38 | WARNING | [async] Failed fetching detail page https://uaelegislation.gov.ae/en/legislations/1977: Page.goto: net::ERR_ABORTED at https://uaelegislation.gov.ae/en/legislations/1977
Call log:
  - navigating to "https://uaelegislation.gov.ae/en/legislations/1977", waiting until "load"

2025-10-30 23:57:38 | WARNING | [async] Failed fetching detail page https://uaelegislation.gov.ae/en/legislations/2119: Page.goto: net::ERR_ABORTED at https://uaelegislation.gov.ae/en/legislations/2119
Call log:
  - navigating to "https://uaelegislation.gov.ae/en/legislations/2119", waiting until "load"

2025-10-30 23:57:38 | WARNING | [async] Failed fetching detail page https://uaelegislation.gov.ae/en/legislations/2470: Page.goto: net::ERR_ABORTED at https://uaelegislation.gov.ae/en/legislations/2470
Call log:
  - navigating to "https://uaelegislation.gov.ae/en/legislations/2470", waiting until "load"

2025-10-30 23:57:38 | WARNING | [async] Failed fetching detail page https://uaelegislation.gov.ae/en/legislations/1446: Page.goto: net::ERR_ABORTED at https://uaelegislation.gov.ae/en/legislations/1446
Call log:
  - navigating to "https://uaelegislation.gov.ae/en/legislations/1446", waiting until "load"

2025-10-30 23:57:38 | WARNING | [async] Failed fetching detail page https://uaelegislation.gov.ae/en/legislations/1032: Page.goto: net::ERR_ABORTED at https://uaelegislation.gov.ae/en/legislations/1032
Call log:
  - navigating to "https://uaelegislation.gov.ae/en/legislations/1032", waiting until "load"

2025-10-30 23:57:38 | WARNING | [async] Failed fetching detail page https://uaelegislation.gov.ae/en/legislations/1431: Page.goto: net::ERR_ABORTED at https://uaelegislation.gov.ae/en/legislations/1431
Call log:
  - navigating to "https://uaelegislation.gov.ae/en/legislations/1431", waiting until "load"

2025-10-30 23:57:38 | WARNING | [async] Failed fetching detail page https://uaelegislation.gov.ae/en/legislations/1188: Page.goto: net::ERR_ABORTED at https://uaelegislation.gov.ae/en/legislations/1188
Call log:
  - navigating to "https://uaelegislation.gov.ae/en/legislations/1188", waiting until "load"

2025-10-30 23:57:38 | WARNING | [async] Failed fetching detail page https://uaelegislation.gov.ae/en/legislations/1124: Page.goto: net::ERR_ABORTED at https://uaelegislation.gov.ae/en/legislations/1124
Call log:
  - navigating to "https://uaelegislation.gov.ae/en/legislations/1124", waiting until "load"

2025-10-30 23:57:38 | WARNING | [async] Failed fetching detail page https://uaelegislation.gov.ae/en/legislations/1967: Page.goto: net::ERR_ABORTED at https://uaelegislation.gov.ae/en/legislations/1967
Call log:
  - navigating to "https://uaelegislation.gov.ae/en/legislations/1967", waiting until "load"

2025-10-30 23:57:38 | WARNING | [async] Failed fetching detail page https://uaelegislation.gov.ae/en/legislations/1985: Page.goto: net::ERR_ABORTED at https://uaelegislation.gov.ae/en/legislations/1985
Call log:
  - navigating to "https://uaelegislation.gov.ae/en/legislations/1985", waiting until "load"

2025-10-30 23:57:38 | WARNING | [async] Failed fetching detail page https://uaelegislation.gov.ae/en/legislations/1999: Page.goto: net::ERR_ABORTED at https://uaelegislation.gov.ae/en/legislations/1999
Call log:
  - navigating to "https://uaelegislation.gov.ae/en/legislations/1999", waiting until "load"

2025-10-30 23:57:38 | WARNING | [async] Failed fetching detail page https://uaelegislation.gov.ae/en/legislations/1991: Page.goto: net::ERR_ABORTED at https://uaelegislation.gov.ae/en/legislations/1991
Call log:
  - navigating to "https://uaelegislation.gov.ae/en/legislations/1991", waiting until "load"

2025-10-30 23:57:38 | WARNING | [async] Failed fetching detail page https://uaelegislation.gov.ae/en/legislations/1025: Page.goto: net::ERR_ABORTED at https://uaelegislation.gov.ae/en/legislations/1025
Call log:
  - navigating to "https://uaelegislation.gov.ae/en/legislations/1025", waiting until "load"

2025-10-30 23:57:38 | WARNING | [async] Failed fetching detail page https://uaelegislation.gov.ae/en/legislations/1187: Page.goto: net::ERR_ABORTED at https://uaelegislation.gov.ae/en/legislations/1187
Call log:
  - navigating to "https://uaelegislation.gov.ae/en/legislations/1187", waiting until "load"

2025-10-30 23:57:38 | WARNING | [async] Failed fetching detail page https://uaelegislation.gov.ae/en/legislations/2873: Page.goto: net::ERR_ABORTED at https://uaelegislation.gov.ae/en/legislations/2873
Call log:
  - navigating to "https://uaelegislation.gov.ae/en/legislations/2873", waiting until "load"

2025-10-30 23:57:52 | INFO | [async] PDF discovery completed: 50 links in 22.75s
2025-10-30 23:57:52 | INFO | Downloading PDF: https://uaelegislation.gov.ae/en/legislations/2121/download
2025-10-30 23:57:52 | ERROR | Failed to download https://uaelegislation.gov.ae/en/legislations/2121/download: 403 Client Error: Forbidden for url: https://uaelegislation.gov.ae/en/legislations/2121/download
2025-10-30 23:57:52 | INFO | Downloading PDF: https://uaelegislation.gov.ae/ar/legislations/2121/download
2025-10-30 23:57:52 | ERROR | Failed to download https://uaelegislation.gov.ae/ar/legislations/2121/download: 403 Client Error: Forbidden for url: https://uaelegislation.gov.ae/ar/legislations/2121/download
2025-10-30 23:57:52 | INFO | Downloading PDF: https://uaelegislation.gov.ae/en/legislations/1602/download
2025-10-30 23:57:53 | ERROR | Failed to download https://uaelegislation.gov.ae/en/legislations/1602/download: 403 Client Error: Forbidden for url: https://uaelegislation.gov.ae/en/legislations/1602/download
2025-10-30 23:57:53 | INFO | Downloading PDF: https://uaelegislation.gov.ae/ar/legislations/1602/download
2025-10-30 23:57:53 | ERROR | Failed to download https://uaelegislation.gov.ae/ar/legislations/1602/download: 403 Client Error: Forbidden for url: https://uaelegislation.gov.ae/ar/legislations/1602/download
2025-10-30 23:57:53 | INFO | Downloading PDF: https://uaelegislation.gov.ae/en/legislations/1609/download
2025-10-30 23:57:53 | ERROR | Failed to download https://uaelegislation.gov.ae/en/legislations/1609/download: 403 Client Error: Forbidden for url: https://uaelegislation.gov.ae/en/legislations/1609/download
2025-10-30 23:57:53 | INFO | Downloading PDF: https://uaelegislation.gov.ae/ar/legislations/1609/download
2025-10-30 23:57:53 | ERROR | Failed to download https://uaelegislation.gov.ae/ar/legislations/1609/download: 403 Client Error: Forbidden for url: https://uaelegislation.gov.ae/ar/legislations/1609/download
2025-10-30 23:57:53 | INFO | Downloading PDF: https://uaelegislation.gov.ae/en/legislations/1612/download
2025-10-30 23:57:54 | ERROR | Failed to download https://uaelegislation.gov.ae/en/legislations/1612/download: 403 Client Error: Forbidden for url: https://uaelegislation.gov.ae/en/legislations/1612/download
2025-10-30 23:57:54 | INFO | Downloading PDF: https://uaelegislation.gov.ae/ar/legislations/1612/download
2025-10-30 23:57:54 | ERROR | Failed to download https://uaelegislation.gov.ae/ar/legislations/1612/download: 403 Client Error: Forbidden for url: https://uaelegislation.gov.ae/ar/legislations/1612/download
2025-10-30 23:57:54 | INFO | Downloading PDF: https://uaelegislation.gov.ae/en/legislations/1581/download
2025-10-30 23:57:54 | ERROR | Failed to download https://uaelegislation.gov.ae/en/legislations/1581/download: 403 Client Error: Forbidden for url: https://uaelegislation.gov.ae/en/legislations/1581/download
2025-10-30 23:57:54 | INFO | Downloading PDF: https://uaelegislation.gov.ae/ar/legislations/1581/download
2025-10-30 23:57:54 | ERROR | Failed to download https://uaelegislation.gov.ae/ar/legislations/1581/download: 403 Client Error: Forbidden for url: https://uaelegislation.gov.ae/ar/legislations/1581/download
2025-10-30 23:57:54 | INFO | Downloading PDF: https://uaelegislation.gov.ae/en/legislations/1570/download
2025-10-30 23:57:55 | ERROR | Failed to download https://uaelegislation.gov.ae/en/legislations/1570/download: 403 Client Error: Forbidden for url: https://uaelegislation.gov.ae/en/legislations/1570/download
2025-10-30 23:57:55 | INFO | Downloading PDF: https://uaelegislation.gov.ae/ar/legislations/1570/download
2025-10-30 23:57:55 | ERROR | Failed to download https://uaelegislation.gov.ae/ar/legislations/1570/download: 403 Client Error: Forbidden for url: https://uaelegislation.gov.ae/ar/legislations/1570/download
2025-10-30 23:57:55 | INFO | Downloading PDF: https://uaelegislation.gov.ae/en/legislations/1615/download
2025-10-30 23:57:55 | ERROR | Failed to download https://uaelegislation.gov.ae/en/legislations/1615/download: 403 Client Error: Forbidden for url: https://uaelegislation.gov.ae/en/legislations/1615/download
2025-10-30 23:57:55 | INFO | Downloading PDF: https://uaelegislation.gov.ae/ar/legislations/1615/download
2025-10-30 23:57:55 | ERROR | Failed to download https://uaelegislation.gov.ae/ar/legislations/1615/download: 403 Client Error: Forbidden for url: https://uaelegislation.gov.ae/ar/legislations/1615/download
2025-10-30 23:57:55 | INFO | Downloading PDF: https://uaelegislation.gov.ae/en/legislations/1539/download
2025-10-30 23:57:56 | ERROR | Failed to download https://uaelegislation.gov.ae/en/legislations/1539/download: 403 Client Error: Forbidden for url: https://uaelegislation.gov.ae/en/legislations/1539/download
2025-10-30 23:57:56 | INFO | Downloading PDF: https://uaelegislation.gov.ae/ar/legislations/1539/download
2025-10-30 23:57:56 | ERROR | Failed to download https://uaelegislation.gov.ae/ar/legislations/1539/download: 403 Client Error: Forbidden for url: https://uaelegislation.gov.ae/ar/legislations/1539/download
2025-10-30 23:57:56 | INFO | Downloading PDF: https://uaelegislation.gov.ae/en/legislations/1978/download
2025-10-30 23:57:56 | ERROR | Failed to download https://uaelegislation.gov.ae/en/legislations/1978/download: 403 Client Error: Forbidden for url: https://uaelegislation.gov.ae/en/legislations/1978/download
2025-10-30 23:57:56 | INFO | Downloading PDF: https://uaelegislation.gov.ae/ar/legislations/1978/download
2025-10-30 23:57:56 | ERROR | Failed to download https://uaelegislation.gov.ae/ar/legislations/1978/download: 403 Client Error: Forbidden for url: https://uaelegislation.gov.ae/ar/legislations/1978/download
2025-10-30 23:57:56 | INFO | Downloading PDF: https://uaelegislation.gov.ae/en/legislations/1515/download
2025-10-30 23:57:57 | ERROR | Failed to download https://uaelegislation.gov.ae/en/legislations/1515/download: 403 Client Error: Forbidden for url: https://uaelegislation.gov.ae/en/legislations/1515/download
2025-10-30 23:57:57 | INFO | Downloading PDF: https://uaelegislation.gov.ae/ar/legislations/1515/download
2025-10-30 23:57:57 | ERROR | Failed to download https://uaelegislation.gov.ae/ar/legislations/1515/download: 403 Client Error: Forbidden for url: https://uaelegislation.gov.ae/ar/legislations/1515/download
2025-10-30 23:57:57 | INFO | Downloading PDF: https://uaelegislation.gov.ae/en/legislations/1977/download
2025-10-30 23:57:57 | ERROR | Failed to download https://uaelegislation.gov.ae/en/legislations/1977/download: 403 Client Error: Forbidden for url: https://uaelegislation.gov.ae/en/legislations/1977/download
2025-10-30 23:57:57 | INFO | Downloading PDF: https://uaelegislation.gov.ae/ar/legislations/1977/download
2025-10-30 23:57:58 | INFO | Saved PDF: uploads/legislation/ع.pdf
2025-10-30 23:58:00 | WARNING | Failed to upload uploads/legislation/ع.pdf to s3://legal-documents-s3/uae_legislation/ع.pdf: Unable to locate credentials
2025-10-30 23:58:00 | INFO | Extracting text from PDF: uploads/legislation/ع.pdf
2025-10-30 23:58:00 | INFO | Created 6 chunks from ع.pdf
2025-10-30 23:58:03 | INFO | Downloading PDF: https://uaelegislation.gov.ae/en/legislations/2119/download
2025-10-30 23:58:03 | ERROR | Failed to download https://uaelegislation.gov.ae/en/legislations/2119/download: 403 Client Error: Forbidden for url: https://uaelegislation.gov.ae/en/legislations/2119/download
2025-10-30 23:58:03 | INFO | Downloading PDF: https://uaelegislation.gov.ae/ar/legislations/2119/download
2025-10-30 23:58:03 | ERROR | Failed to download https://uaelegislation.gov.ae/ar/legislations/2119/download: 403 Client Error: Forbidden for url: https://uaelegislation.gov.ae/ar/legislations/2119/download
2025-10-30 23:58:03 | INFO | Downloading PDF: https://uaelegislation.gov.ae/en/legislations/2470/download
2025-10-30 23:58:04 | ERROR | Failed to download https://uaelegislation.gov.ae/en/legislations/2470/download: 403 Client Error: Forbidden for url: https://uaelegislation.gov.ae/en/legislations/2470/download
2025-10-30 23:58:04 | INFO | Downloading PDF: https://uaelegislation.gov.ae/ar/legislations/2470/download
2025-10-30 23:58:04 | ERROR | Failed to download https://uaelegislation.gov.ae/ar/legislations/2470/download: 403 Client Error: Forbidden for url: https://uaelegislation.gov.ae/ar/legislations/2470/download
2025-10-30 23:58:04 | INFO | Downloading PDF: https://uaelegislation.gov.ae/en/legislations/1446/download
2025-10-30 23:58:04 | ERROR | Failed to download https://uaelegislation.gov.ae/en/legislations/1446/download: 403 Client Error: Forbidden for url: https://uaelegislation.gov.ae/en/legislations/1446/download
2025-10-30 23:58:04 | INFO | Downloading PDF: https://uaelegislation.gov.ae/ar/legislations/1446/download
2025-10-30 23:58:04 | ERROR | Failed to download https://uaelegislation.gov.ae/ar/legislations/1446/download: 403 Client Error: Forbidden for url: https://uaelegislation.gov.ae/ar/legislations/1446/download
2025-10-30 23:58:04 | INFO | Downloading PDF: https://uaelegislation.gov.ae/en/legislations/1032/download
2025-10-30 23:58:05 | ERROR | Failed to download https://uaelegislation.gov.ae/en/legislations/1032/download: 403 Client Error: Forbidden for url: https://uaelegislation.gov.ae/en/legislations/1032/download
2025-10-30 23:58:05 | INFO | Downloading PDF: https://uaelegislation.gov.ae/ar/legislations/1032/download
2025-10-30 23:58:05 | ERROR | Failed to download https://uaelegislation.gov.ae/ar/legislations/1032/download: 403 Client Error: Forbidden for url: https://uaelegislation.gov.ae/ar/legislations/1032/download
2025-10-30 23:58:05 | INFO | Downloading PDF: https://uaelegislation.gov.ae/en/legislations/1431/download
2025-10-30 23:58:05 | ERROR | Failed to download https://uaelegislation.gov.ae/en/legislations/1431/download: 403 Client Error: Forbidden for url: https://uaelegislation.gov.ae/en/legislations/1431/download
2025-10-30 23:58:05 | INFO | Downloading PDF: https://uaelegislation.gov.ae/ar/legislations/1431/download
2025-10-30 23:58:06 | INFO | Saved PDF: uploads/legislation/ع.pdf
2025-10-30 23:58:08 | WARNING | Failed to upload uploads/legislation/ع.pdf to s3://legal-documents-s3/uae_legislation/ع.pdf: Unable to locate credentials
2025-10-30 23:58:08 | INFO | Extracting text from PDF: uploads/legislation/ع.pdf
2025-10-30 23:58:08 | INFO | Created 7 chunks from ع.pdf
2025-10-30 23:58:10 | INFO | Downloading PDF: https://uaelegislation.gov.ae/en/legislations/1188/download
2025-10-30 23:58:10 | ERROR | Failed to download https://uaelegislation.gov.ae/en/legislations/1188/download: 403 Client Error: Forbidden for url: https://uaelegislation.gov.ae/en/legislations/1188/download
2025-10-30 23:58:10 | INFO | Downloading PDF: https://uaelegislation.gov.ae/ar/legislations/1188/download
2025-10-30 23:58:11 | ERROR | Failed to download https://uaelegislation.gov.ae/ar/legislations/1188/download: 403 Client Error: Forbidden for url: https://uaelegislation.gov.ae/ar/legislations/1188/download
2025-10-30 23:58:11 | INFO | Downloading PDF: https://uaelegislation.gov.ae/en/legislations/1124/download
2025-10-30 23:58:11 | ERROR | Failed to download https://uaelegislation.gov.ae/en/legislations/1124/download: 403 Client Error: Forbidden for url: https://uaelegislation.gov.ae/en/legislations/1124/download
2025-10-30 23:58:11 | INFO | Downloading PDF: https://uaelegislation.gov.ae/ar/legislations/1124/download
2025-10-30 23:58:11 | ERROR | Failed to download https://uaelegislation.gov.ae/ar/legislations/1124/download: 403 Client Error: Forbidden for url: https://uaelegislation.gov.ae/ar/legislations/1124/download
2025-10-30 23:58:11 | INFO | Downloading PDF: https://uaelegislation.gov.ae/en/legislations/1967/download
2025-10-30 23:58:11 | ERROR | Failed to download https://uaelegislation.gov.ae/en/legislations/1967/download: 403 Client Error: Forbidden for url: https://uaelegislation.gov.ae/en/legislations/1967/download
2025-10-30 23:58:11 | INFO | Downloading PDF: https://uaelegislation.gov.ae/ar/legislations/1967/download
2025-10-30 23:58:12 | ERROR | Failed to download https://uaelegislation.gov.ae/ar/legislations/1967/download: 403 Client Error: Forbidden for url: https://uaelegislation.gov.ae/ar/legislations/1967/download
2025-10-30 23:58:12 | INFO | Downloading PDF: https://uaelegislation.gov.ae/en/legislations/1985/download
2025-10-30 23:58:12 | ERROR | Failed to download https://uaelegislation.gov.ae/en/legislations/1985/download: 403 Client Error: Forbidden for url: https://uaelegislation.gov.ae/en/legislations/1985/download
2025-10-30 23:58:12 | INFO | Downloading PDF: https://uaelegislation.gov.ae/ar/legislations/1985/download
2025-10-30 23:58:13 | ERROR | Failed to download https://uaelegislation.gov.ae/ar/legislations/1985/download: 403 Client Error: Forbidden for url: https://uaelegislation.gov.ae/ar/legislations/1985/download
2025-10-30 23:58:13 | INFO | Downloading PDF: https://uaelegislation.gov.ae/en/legislations/1999/download
2025-10-30 23:58:13 | ERROR | Failed to download https://uaelegislation.gov.ae/en/legislations/1999/download: 403 Client Error: Forbidden for url: https://uaelegislation.gov.ae/en/legislations/1999/download
2025-10-30 23:58:13 | INFO | Downloading PDF: https://uaelegislation.gov.ae/ar/legislations/1999/download
2025-10-30 23:58:13 | ERROR | Failed to download https://uaelegislation.gov.ae/ar/legislations/1999/download: 403 Client Error: Forbidden for url: https://uaelegislation.gov.ae/ar/legislations/1999/download
2025-10-30 23:58:13 | INFO | Downloading PDF: https://uaelegislation.gov.ae/en/legislations/1991/download
2025-10-30 23:58:13 | ERROR | Failed to download https://uaelegislation.gov.ae/en/legislations/1991/download: 403 Client Error: Forbidden for url: https://uaelegislation.gov.ae/en/legislations/1991/download
2025-10-30 23:58:13 | INFO | Downloading PDF: https://uaelegislation.gov.ae/ar/legislations/1991/download
2025-10-30 23:58:14 | ERROR | Failed to download https://uaelegislation.gov.ae/ar/legislations/1991/download: 403 Client Error: Forbidden for url: https://uaelegislation.gov.ae/ar/legislations/1991/download
2025-10-30 23:58:14 | INFO | Downloading PDF: https://uaelegislation.gov.ae/en/legislations/1025/download
2025-10-30 23:58:14 | ERROR | Failed to download https://uaelegislation.gov.ae/en/legislations/1025/download: 403 Client Error: Forbidden for url: https://uaelegislation.gov.ae/en/legislations/1025/download
2025-10-30 23:58:14 | INFO | Downloading PDF: https://uaelegislation.gov.ae/ar/legislations/1025/download
2025-10-30 23:58:14 | ERROR | Failed to download https://uaelegislation.gov.ae/ar/legislations/1025/download: 403 Client Error: Forbidden for url: https://uaelegislation.gov.ae/ar/legislations/1025/download
2025-10-30 23:58:14 | INFO | Downloading PDF: https://uaelegislation.gov.ae/en/legislations/1187/download
2025-10-30 23:58:15 | ERROR | Failed to download https://uaelegislation.gov.ae/en/legislations/1187/download: 403 Client Error: Forbidden for url: https://uaelegislation.gov.ae/en/legislations/1187/download
2025-10-30 23:58:15 | INFO | Downloading PDF: https://uaelegislation.gov.ae/ar/legislations/1187/download
2025-10-30 23:58:15 | ERROR | Failed to download https://uaelegislation.gov.ae/ar/legislations/1187/download: 403 Client Error: Forbidden for url: https://uaelegislation.gov.ae/ar/legislations/1187/download
2025-10-30 23:58:15 | INFO | Downloading PDF: https://uaelegislation.gov.ae/en/legislations/2873/download
2025-10-30 23:58:15 | ERROR | Failed to download https://uaelegislation.gov.ae/en/legislations/2873/download: 403 Client Error: Forbidden for url: https://uaelegislation.gov.ae/en/legislations/2873/download
2025-10-30 23:58:15 | INFO | Downloading PDF: https://uaelegislation.gov.ae/ar/legislations/2873/download
2025-10-30 23:58:16 | INFO | Saved PDF: uploads/legislation/ع.pdf
2025-10-30 23:58:16 | WARNING | Failed to upload uploads/legislation/ع.pdf to s3://legal-documents-s3/uae_legislation/ع.pdf: Unable to locate credentials
2025-10-30 23:58:16 | INFO | Extracting text from PDF: uploads/legislation/ع.pdf
2025-10-30 23:58:16 | INFO | Created 3 chunks from ع.pdf
2025-10-31 08:20:57 | INFO | [async] Fetching listing page: https://uaelegislation.gov.ae/en/legislations?sector=47
2025-10-31 08:21:07 | INFO | [async] Discovered 26 detail pages from listing (limited)
2025-10-31 08:21:07 | WARNING | [async] Failed fetching detail page https://uaelegislation.gov.ae/en/legislations/2121: Page.goto: net::ERR_ABORTED at https://uaelegislation.gov.ae/en/legislations/2121
Call log:
  - navigating to "https://uaelegislation.gov.ae/en/legislations/2121", waiting until "load"

2025-10-31 08:21:07 | WARNING | [async] Failed fetching detail page https://uaelegislation.gov.ae/en/legislations/1602: Page.goto: net::ERR_ABORTED at https://uaelegislation.gov.ae/en/legislations/1602
Call log:
  - navigating to "https://uaelegislation.gov.ae/en/legislations/1602", waiting until "load"

2025-10-31 08:21:07 | WARNING | [async] Failed fetching detail page https://uaelegislation.gov.ae/en/legislations/1609: Page.goto: net::ERR_ABORTED at https://uaelegislation.gov.ae/en/legislations/1609
Call log:
  - navigating to "https://uaelegislation.gov.ae/en/legislations/1609", waiting until "load"

2025-10-31 08:21:07 | WARNING | [async] Failed fetching detail page https://uaelegislation.gov.ae/en/legislations/1612: Page.goto: net::ERR_ABORTED at https://uaelegislation.gov.ae/en/legislations/1612
Call log:
  - navigating to "https://uaelegislation.gov.ae/en/legislations/1612", waiting until "load"

2025-10-31 08:21:07 | WARNING | [async] Failed fetching detail page https://uaelegislation.gov.ae/en/legislations/1581: Page.goto: net::ERR_ABORTED at https://uaelegislation.gov.ae/en/legislations/1581
Call log:
  - navigating to "https://uaelegislation.gov.ae/en/legislations/1581", waiting until "load"

2025-10-31 08:21:07 | WARNING | [async] Failed fetching detail page https://uaelegislation.gov.ae/en/legislations/1570: Page.goto: net::ERR_ABORTED at https://uaelegislation.gov.ae/en/legislations/1570
Call log:
  - navigating to "https://uaelegislation.gov.ae/en/legislations/1570", waiting until "load"

2025-10-31 08:21:07 | WARNING | [async] Failed fetching detail page https://uaelegislation.gov.ae/en/legislations/1615: Page.goto: net::ERR_ABORTED at https://uaelegislation.gov.ae/en/legislations/1615
Call log:
  - navigating to "https://uaelegislation.gov.ae/en/legislations/1615", waiting until "load"

2025-10-31 08:21:07 | WARNING | [async] Failed fetching detail page https://uaelegislation.gov.ae/en/legislations/1539: Page.goto: net::ERR_ABORTED at https://uaelegislation.gov.ae/en/legislations/1539
Call log:
  - navigating to "https://uaelegislation.gov.ae/en/legislations/1539", waiting until "load"

2025-10-31 08:21:07 | WARNING | [async] Failed fetching detail page https://uaelegislation.gov.ae/en/legislations/1978: Page.goto: net::ERR_ABORTED at https://uaelegislation.gov.ae/en/legislations/1978
Call log:
  - navigating to "https://uaelegislation.gov.ae/en/legislations/1978", waiting until "load"

2025-10-31 08:21:07 | WARNING | [async] Failed fetching detail page https://uaelegislation.gov.ae/en/legislations/1515: Page.goto: net::ERR_ABORTED at https://uaelegislation.gov.ae/en/legislations/1515
Call log:
  - navigating to "https://uaelegislation.gov.ae/en/legislations/1515", waiting until "load"

2025-10-31 08:21:07 | WARNING | [async] Failed fetching detail page https://uaelegislation.gov.ae/en/legislations/1977: Page.goto: net::ERR_ABORTED at https://uaelegislation.gov.ae/en/legislations/1977
Call log:
  - navigating to "https://uaelegislation.gov.ae/en/legislations/1977", waiting until "load"

2025-10-31 08:21:07 | WARNING | [async] Failed fetching detail page https://uaelegislation.gov.ae/en/legislations/2119: Page.goto: net::ERR_ABORTED at https://uaelegislation.gov.ae/en/legislations/2119
Call log:
  - navigating to "https://uaelegislation.gov.ae/en/legislations/2119", waiting until "load"

2025-10-31 08:21:07 | WARNING | [async] Failed fetching detail page https://uaelegislation.gov.ae/en/legislations/2470: Page.goto: net::ERR_ABORTED at https://uaelegislation.gov.ae/en/legislations/2470
Call log:
  - navigating to "https://uaelegislation.gov.ae/en/legislations/2470", waiting until "load"

2025-10-31 08:21:07 | WARNING | [async] Failed fetching detail page https://uaelegislation.gov.ae/en/legislations/1446: Page.goto: net::ERR_ABORTED at https://uaelegislation.gov.ae/en/legislations/1446
Call log:
  - navigating to "https://uaelegislation.gov.ae/en/legislations/1446", waiting until "load"

2025-10-31 08:21:07 | WARNING | [async] Failed fetching detail page https://uaelegislation.gov.ae/en/legislations/1032: Page.goto: net::ERR_ABORTED at https://uaelegislation.gov.ae/en/legislations/1032
Call log:
  - navigating to "https://uaelegislation.gov.ae/en/legislations/1032", waiting until "load"

2025-10-31 08:21:07 | WARNING | [async] Failed fetching detail page https://uaelegislation.gov.ae/en/legislations/1431: Page.goto: net::ERR_ABORTED at https://uaelegislation.gov.ae/en/legislations/1431
Call log:
  - navigating to "https://uaelegislation.gov.ae/en/legislations/1431", waiting until "load"

2025-10-31 08:21:07 | WARNING | [async] Failed fetching detail page https://uaelegislation.gov.ae/en/legislations/1188: Page.goto: net::ERR_ABORTED at https://uaelegislation.gov.ae/en/legislations/1188
Call log:
  - navigating to "https://uaelegislation.gov.ae/en/legislations/1188", waiting until "load"

2025-10-31 08:21:07 | WARNING | [async] Failed fetching detail page https://uaelegislation.gov.ae/en/legislations/1124: Page.goto: net::ERR_ABORTED at https://uaelegislation.gov.ae/en/legislations/1124
Call log:
  - navigating to "https://uaelegislation.gov.ae/en/legislations/1124", waiting until "load"

2025-10-31 08:21:07 | WARNING | [async] Failed fetching detail page https://uaelegislation.gov.ae/en/legislations/1967: Page.goto: net::ERR_ABORTED at https://uaelegislation.gov.ae/en/legislations/1967
Call log:
  - navigating to "https://uaelegislation.gov.ae/en/legislations/1967", waiting until "load"

2025-10-31 08:21:07 | WARNING | [async] Failed fetching detail page https://uaelegislation.gov.ae/en/legislations/1985: Page.goto: net::ERR_ABORTED at https://uaelegislation.gov.ae/en/legislations/1985
Call log:
  - navigating to "https://uaelegislation.gov.ae/en/legislations/1985", waiting until "load"

2025-10-31 08:21:07 | WARNING | [async] Failed fetching detail page https://uaelegislation.gov.ae/en/legislations/1999: Page.goto: net::ERR_ABORTED at https://uaelegislation.gov.ae/en/legislations/1999
Call log:
  - navigating to "https://uaelegislation.gov.ae/en/legislations/1999", waiting until "load"

2025-10-31 08:21:07 | WARNING | [async] Failed fetching detail page https://uaelegislation.gov.ae/en/legislations/1991: Page.goto: net::ERR_ABORTED at https://uaelegislation.gov.ae/en/legislations/1991
Call log:
  - navigating to "https://uaelegislation.gov.ae/en/legislations/1991", waiting until "load"

2025-10-31 08:21:07 | WARNING | [async] Failed fetching detail page https://uaelegislation.gov.ae/en/legislations/1025: Page.goto: net::ERR_ABORTED at https://uaelegislation.gov.ae/en/legislations/1025
Call log:
  - navigating to "https://uaelegislation.gov.ae/en/legislations/1025", waiting until "load"

2025-10-31 08:21:07 | WARNING | [async] Failed fetching detail page https://uaelegislation.gov.ae/en/legislations/1187: Page.goto: net::ERR_ABORTED at https://uaelegislation.gov.ae/en/legislations/1187
Call log:
  - navigating to "https://uaelegislation.gov.ae/en/legislations/1187", waiting until "load"

2025-10-31 08:21:07 | WARNING | [async] Failed fetching detail page https://uaelegislation.gov.ae/en/legislations/2873: Page.goto: net::ERR_ABORTED at https://uaelegislation.gov.ae/en/legislations/2873
Call log:
  - navigating to "https://uaelegislation.gov.ae/en/legislations/2873", waiting until "load"

2025-10-31 08:21:14 | INFO | [async] PDF discovery completed: 50 links in 17.11s
2025-10-31 08:21:14 | INFO | Downloading PDF: https://uaelegislation.gov.ae/en/legislations/2121/download
2025-10-31 08:21:15 | ERROR | Failed to download https://uaelegislation.gov.ae/en/legislations/2121/download: 403 Client Error: Forbidden for url: https://uaelegislation.gov.ae/en/legislations/2121/download
2025-10-31 08:21:15 | INFO | Downloading PDF: https://uaelegislation.gov.ae/ar/legislations/2121/download
2025-10-31 08:21:15 | ERROR | Failed to download https://uaelegislation.gov.ae/ar/legislations/2121/download: 403 Client Error: Forbidden for url: https://uaelegislation.gov.ae/ar/legislations/2121/download
2025-10-31 08:21:15 | INFO | Downloading PDF: https://uaelegislation.gov.ae/en/legislations/1602/download
2025-10-31 08:21:15 | ERROR | Failed to download https://uaelegislation.gov.ae/en/legislations/1602/download: 403 Client Error: Forbidden for url: https://uaelegislation.gov.ae/en/legislations/1602/download
2025-10-31 08:21:15 | INFO | Downloading PDF: https://uaelegislation.gov.ae/ar/legislations/1602/download
2025-10-31 08:21:15 | ERROR | Failed to download https://uaelegislation.gov.ae/ar/legislations/1602/download: 403 Client Error: Forbidden for url: https://uaelegislation.gov.ae/ar/legislations/1602/download
2025-10-31 08:21:15 | INFO | Downloading PDF: https://uaelegislation.gov.ae/en/legislations/1609/download
2025-10-31 08:21:16 | ERROR | Failed to download https://uaelegislation.gov.ae/en/legislations/1609/download: 403 Client Error: Forbidden for url: https://uaelegislation.gov.ae/en/legislations/1609/download
2025-10-31 08:21:16 | INFO | Downloading PDF: https://uaelegislation.gov.ae/ar/legislations/1609/download
2025-10-31 08:21:16 | ERROR | Failed to download https://uaelegislation.gov.ae/ar/legislations/1609/download: 403 Client Error: Forbidden for url: https://uaelegislation.gov.ae/ar/legislations/1609/download
2025-10-31 08:21:16 | INFO | Downloading PDF: https://uaelegislation.gov.ae/en/legislations/1612/download
2025-10-31 08:21:16 | ERROR | Failed to download https://uaelegislation.gov.ae/en/legislations/1612/download: 403 Client Error: Forbidden for url: https://uaelegislation.gov.ae/en/legislations/1612/download
2025-10-31 08:21:16 | INFO | Downloading PDF: https://uaelegislation.gov.ae/ar/legislations/1612/download
2025-10-31 08:21:16 | ERROR | Failed to download https://uaelegislation.gov.ae/ar/legislations/1612/download: 403 Client Error: Forbidden for url: https://uaelegislation.gov.ae/ar/legislations/1612/download
2025-10-31 08:21:16 | INFO | Downloading PDF: https://uaelegislation.gov.ae/en/legislations/1581/download
2025-10-31 08:21:17 | ERROR | Failed to download https://uaelegislation.gov.ae/en/legislations/1581/download: 403 Client Error: Forbidden for url: https://uaelegislation.gov.ae/en/legislations/1581/download
2025-10-31 08:21:17 | INFO | Downloading PDF: https://uaelegislation.gov.ae/ar/legislations/1581/download
2025-10-31 08:21:17 | ERROR | Failed to download https://uaelegislation.gov.ae/ar/legislations/1581/download: 403 Client Error: Forbidden for url: https://uaelegislation.gov.ae/ar/legislations/1581/download
2025-10-31 08:21:17 | INFO | Downloading PDF: https://uaelegislation.gov.ae/en/legislations/1570/download
2025-10-31 08:21:17 | ERROR | Failed to download https://uaelegislation.gov.ae/en/legislations/1570/download: 403 Client Error: Forbidden for url: https://uaelegislation.gov.ae/en/legislations/1570/download
2025-10-31 08:21:17 | INFO | Downloading PDF: https://uaelegislation.gov.ae/ar/legislations/1570/download
2025-10-31 08:21:18 | ERROR | Failed to download https://uaelegislation.gov.ae/ar/legislations/1570/download: 403 Client Error: Forbidden for url: https://uaelegislation.gov.ae/ar/legislations/1570/download
2025-10-31 08:21:18 | INFO | Downloading PDF: https://uaelegislation.gov.ae/en/legislations/1615/download
2025-10-31 08:21:18 | ERROR | Failed to download https://uaelegislation.gov.ae/en/legislations/1615/download: 403 Client Error: Forbidden for url: https://uaelegislation.gov.ae/en/legislations/1615/download
2025-10-31 08:21:18 | INFO | Downloading PDF: https://uaelegislation.gov.ae/ar/legislations/1615/download
2025-10-31 08:21:18 | ERROR | Failed to download https://uaelegislation.gov.ae/ar/legislations/1615/download: 403 Client Error: Forbidden for url: https://uaelegislation.gov.ae/ar/legislations/1615/download
2025-10-31 08:21:18 | INFO | Downloading PDF: https://uaelegislation.gov.ae/en/legislations/1539/download
2025-10-31 08:21:18 | ERROR | Failed to download https://uaelegislation.gov.ae/en/legislations/1539/download: 403 Client Error: Forbidden for url: https://uaelegislation.gov.ae/en/legislations/1539/download
2025-10-31 08:21:18 | INFO | Downloading PDF: https://uaelegislation.gov.ae/ar/legislations/1539/download
2025-10-31 08:21:19 | ERROR | Failed to download https://uaelegislation.gov.ae/ar/legislations/1539/download: 403 Client Error: Forbidden for url: https://uaelegislation.gov.ae/ar/legislations/1539/download
2025-10-31 08:21:19 | INFO | Downloading PDF: https://uaelegislation.gov.ae/en/legislations/1978/download
2025-10-31 08:21:19 | ERROR | Failed to download https://uaelegislation.gov.ae/en/legislations/1978/download: 403 Client Error: Forbidden for url: https://uaelegislation.gov.ae/en/legislations/1978/download
2025-10-31 08:21:19 | INFO | Downloading PDF: https://uaelegislation.gov.ae/ar/legislations/1978/download
2025-10-31 08:21:19 | ERROR | Failed to download https://uaelegislation.gov.ae/ar/legislations/1978/download: 403 Client Error: Forbidden for url: https://uaelegislation.gov.ae/ar/legislations/1978/download
2025-10-31 08:21:19 | INFO | Downloading PDF: https://uaelegislation.gov.ae/en/legislations/1515/download
2025-10-31 08:21:19 | ERROR | Failed to download https://uaelegislation.gov.ae/en/legislations/1515/download: 403 Client Error: Forbidden for url: https://uaelegislation.gov.ae/en/legislations/1515/download
2025-10-31 08:21:19 | INFO | Downloading PDF: https://uaelegislation.gov.ae/ar/legislations/1515/download
2025-10-31 08:21:20 | ERROR | Failed to download https://uaelegislation.gov.ae/ar/legislations/1515/download: 403 Client Error: Forbidden for url: https://uaelegislation.gov.ae/ar/legislations/1515/download
2025-10-31 08:21:20 | INFO | Downloading PDF: https://uaelegislation.gov.ae/en/legislations/1977/download
2025-10-31 08:21:20 | ERROR | Failed to download https://uaelegislation.gov.ae/en/legislations/1977/download: 403 Client Error: Forbidden for url: https://uaelegislation.gov.ae/en/legislations/1977/download
2025-10-31 08:21:20 | INFO | Downloading PDF: https://uaelegislation.gov.ae/ar/legislations/1977/download
2025-10-31 08:21:20 | ERROR | Failed to download https://uaelegislation.gov.ae/ar/legislations/1977/download: 403 Client Error: Forbidden for url: https://uaelegislation.gov.ae/ar/legislations/1977/download
2025-10-31 08:21:20 | INFO | Downloading PDF: https://uaelegislation.gov.ae/en/legislations/2119/download
2025-10-31 08:21:20 | ERROR | Failed to download https://uaelegislation.gov.ae/en/legislations/2119/download: 403 Client Error: Forbidden for url: https://uaelegislation.gov.ae/en/legislations/2119/download
2025-10-31 08:21:20 | INFO | Downloading PDF: https://uaelegislation.gov.ae/ar/legislations/2119/download
2025-10-31 08:21:21 | ERROR | Failed to download https://uaelegislation.gov.ae/ar/legislations/2119/download: 403 Client Error: Forbidden for url: https://uaelegislation.gov.ae/ar/legislations/2119/download
2025-10-31 08:21:21 | INFO | Downloading PDF: https://uaelegislation.gov.ae/en/legislations/2470/download
2025-10-31 08:21:21 | ERROR | Failed to download https://uaelegislation.gov.ae/en/legislations/2470/download: 403 Client Error: Forbidden for url: https://uaelegislation.gov.ae/en/legislations/2470/download
2025-10-31 08:21:21 | INFO | Downloading PDF: https://uaelegislation.gov.ae/ar/legislations/2470/download
2025-10-31 08:21:21 | ERROR | Failed to download https://uaelegislation.gov.ae/ar/legislations/2470/download: 403 Client Error: Forbidden for url: https://uaelegislation.gov.ae/ar/legislations/2470/download
2025-10-31 08:21:21 | INFO | Downloading PDF: https://uaelegislation.gov.ae/en/legislations/1446/download
2025-10-31 08:21:22 | ERROR | Failed to download https://uaelegislation.gov.ae/en/legislations/1446/download: 403 Client Error: Forbidden for url: https://uaelegislation.gov.ae/en/legislations/1446/download
2025-10-31 08:21:22 | INFO | Downloading PDF: https://uaelegislation.gov.ae/ar/legislations/1446/download
2025-10-31 08:21:22 | ERROR | Failed to download https://uaelegislation.gov.ae/ar/legislations/1446/download: 403 Client Error: Forbidden for url: https://uaelegislation.gov.ae/ar/legislations/1446/download
2025-10-31 08:21:22 | INFO | Downloading PDF: https://uaelegislation.gov.ae/en/legislations/1032/download
2025-10-31 08:21:22 | ERROR | Failed to download https://uaelegislation.gov.ae/en/legislations/1032/download: 403 Client Error: Forbidden for url: https://uaelegislation.gov.ae/en/legislations/1032/download
2025-10-31 08:21:22 | INFO | Downloading PDF: https://uaelegislation.gov.ae/ar/legislations/1032/download
2025-10-31 08:21:23 | ERROR | Failed to download https://uaelegislation.gov.ae/ar/legislations/1032/download: 403 Client Error: Forbidden for url: https://uaelegislation.gov.ae/ar/legislations/1032/download
2025-10-31 08:21:23 | INFO | Downloading PDF: https://uaelegislation.gov.ae/en/legislations/1431/download
2025-10-31 08:21:23 | ERROR | Failed to download https://uaelegislation.gov.ae/en/legislations/1431/download: 403 Client Error: Forbidden for url: https://uaelegislation.gov.ae/en/legislations/1431/download
2025-10-31 08:21:23 | INFO | Downloading PDF: https://uaelegislation.gov.ae/ar/legislations/1431/download
2025-10-31 08:21:23 | ERROR | Failed to download https://uaelegislation.gov.ae/ar/legislations/1431/download: 403 Client Error: Forbidden for url: https://uaelegislation.gov.ae/ar/legislations/1431/download
2025-10-31 08:21:23 | INFO | Downloading PDF: https://uaelegislation.gov.ae/en/legislations/1188/download
2025-10-31 08:21:23 | ERROR | Failed to download https://uaelegislation.gov.ae/en/legislations/1188/download: 403 Client Error: Forbidden for url: https://uaelegislation.gov.ae/en/legislations/1188/download
2025-10-31 08:21:23 | INFO | Downloading PDF: https://uaelegislation.gov.ae/ar/legislations/1188/download
2025-10-31 08:21:24 | ERROR | Failed to download https://uaelegislation.gov.ae/ar/legislations/1188/download: 403 Client Error: Forbidden for url: https://uaelegislation.gov.ae/ar/legislations/1188/download
2025-10-31 08:21:24 | INFO | Downloading PDF: https://uaelegislation.gov.ae/en/legislations/1124/download
2025-10-31 08:21:24 | ERROR | Failed to download https://uaelegislation.gov.ae/en/legislations/1124/download: 403 Client Error: Forbidden for url: https://uaelegislation.gov.ae/en/legislations/1124/download
2025-10-31 08:21:24 | INFO | Downloading PDF: https://uaelegislation.gov.ae/ar/legislations/1124/download
2025-10-31 08:21:24 | ERROR | Failed to download https://uaelegislation.gov.ae/ar/legislations/1124/download: 403 Client Error: Forbidden for url: https://uaelegislation.gov.ae/ar/legislations/1124/download
2025-10-31 08:21:24 | INFO | Downloading PDF: https://uaelegislation.gov.ae/en/legislations/1967/download
2025-10-31 08:21:24 | ERROR | Failed to download https://uaelegislation.gov.ae/en/legislations/1967/download: 403 Client Error: Forbidden for url: https://uaelegislation.gov.ae/en/legislations/1967/download
2025-10-31 08:21:24 | INFO | Downloading PDF: https://uaelegislation.gov.ae/ar/legislations/1967/download
2025-10-31 08:21:25 | ERROR | Failed to download https://uaelegislation.gov.ae/ar/legislations/1967/download: 403 Client Error: Forbidden for url: https://uaelegislation.gov.ae/ar/legislations/1967/download
2025-10-31 08:21:25 | INFO | Downloading PDF: https://uaelegislation.gov.ae/en/legislations/1985/download
2025-10-31 08:21:25 | ERROR | Failed to download https://uaelegislation.gov.ae/en/legislations/1985/download: 403 Client Error: Forbidden for url: https://uaelegislation.gov.ae/en/legislations/1985/download
2025-10-31 08:21:25 | INFO | Downloading PDF: https://uaelegislation.gov.ae/ar/legislations/1985/download
2025-10-31 08:21:25 | ERROR | Failed to download https://uaelegislation.gov.ae/ar/legislations/1985/download: 403 Client Error: Forbidden for url: https://uaelegislation.gov.ae/ar/legislations/1985/download
2025-10-31 08:21:25 | INFO | Downloading PDF: https://uaelegislation.gov.ae/en/legislations/1999/download
2025-10-31 08:21:26 | ERROR | Failed to download https://uaelegislation.gov.ae/en/legislations/1999/download: 403 Client Error: Forbidden for url: https://uaelegislation.gov.ae/en/legislations/1999/download
2025-10-31 08:21:26 | INFO | Downloading PDF: https://uaelegislation.gov.ae/ar/legislations/1999/download
2025-10-31 08:21:26 | ERROR | Failed to download https://uaelegislation.gov.ae/ar/legislations/1999/download: 403 Client Error: Forbidden for url: https://uaelegislation.gov.ae/ar/legislations/1999/download
2025-10-31 08:21:26 | INFO | Downloading PDF: https://uaelegislation.gov.ae/en/legislations/1991/download
2025-10-31 08:21:26 | ERROR | Failed to download https://uaelegislation.gov.ae/en/legislations/1991/download: 403 Client Error: Forbidden for url: https://uaelegislation.gov.ae/en/legislations/1991/download
2025-10-31 08:21:26 | INFO | Downloading PDF: https://uaelegislation.gov.ae/ar/legislations/1991/download
2025-10-31 08:21:26 | ERROR | Failed to download https://uaelegislation.gov.ae/ar/legislations/1991/download: 403 Client Error: Forbidden for url: https://uaelegislation.gov.ae/ar/legislations/1991/download
2025-10-31 08:21:26 | INFO | Downloading PDF: https://uaelegislation.gov.ae/en/legislations/1025/download
2025-10-31 08:21:27 | ERROR | Failed to download https://uaelegislation.gov.ae/en/legislations/1025/download: 403 Client Error: Forbidden for url: https://uaelegislation.gov.ae/en/legislations/1025/download
2025-10-31 08:21:27 | INFO | Downloading PDF: https://uaelegislation.gov.ae/ar/legislations/1025/download
2025-10-31 08:21:27 | ERROR | Failed to download https://uaelegislation.gov.ae/ar/legislations/1025/download: 403 Client Error: Forbidden for url: https://uaelegislation.gov.ae/ar/legislations/1025/download
2025-10-31 08:21:27 | INFO | Downloading PDF: https://uaelegislation.gov.ae/en/legislations/1187/download
2025-10-31 08:21:28 | INFO | Saved PDF: uploads/legislation/EN.pdf
2025-10-31 08:21:30 | INFO | Uploading uploads/legislation/EN.pdf to s3://akio-report-data/uae_legislation/EN.pdf
2025-10-31 08:21:30 | ERROR | AWS credentials not found. Set AWS_ACCESS_KEY_ID and AWS_SECRET_ACCESS_KEY environment variables, or configure AWS credentials file.
2025-10-31 08:21:30 | WARNING | [async] S3 upload failed for uploads/legislation/EN.pdf: boto3/credentials issue
2025-10-31 08:21:30 | INFO | Extracting text from PDF: uploads/legislation/EN.pdf
2025-10-31 08:21:30 | INFO | Created 5 chunks from EN.pdf
2025-10-31 08:21:32 | INFO | Downloading PDF: https://uaelegislation.gov.ae/ar/legislations/1187/download
2025-10-31 08:21:32 | ERROR | Failed to download https://uaelegislation.gov.ae/ar/legislations/1187/download: 403 Client Error: Forbidden for url: https://uaelegislation.gov.ae/ar/legislations/1187/download
2025-10-31 08:21:32 | INFO | Downloading PDF: https://uaelegislation.gov.ae/en/legislations/2873/download
2025-10-31 08:21:32 | ERROR | Failed to download https://uaelegislation.gov.ae/en/legislations/2873/download: 403 Client Error: Forbidden for url: https://uaelegislation.gov.ae/en/legislations/2873/download
2025-10-31 08:21:32 | INFO | Downloading PDF: https://uaelegislation.gov.ae/ar/legislations/2873/download
2025-10-31 08:21:32 | ERROR | Failed to download https://uaelegislation.gov.ae/ar/legislations/2873/download: 403 Client Error: Forbidden for url: https://uaelegislation.gov.ae/ar/legislations/2873/download
2025-10-31 08:25:08 | INFO | [async] Fetching listing page: https://uaelegislation.gov.ae/en/legislations?sector=47
2025-10-31 08:25:17 | INFO | [async] Discovered 26 detail pages from listing (limited)
2025-10-31 08:25:17 | WARNING | [async] Failed fetching detail page https://uaelegislation.gov.ae/en/legislations/2121: Page.goto: net::ERR_ABORTED at https://uaelegislation.gov.ae/en/legislations/2121
Call log:
  - navigating to "https://uaelegislation.gov.ae/en/legislations/2121", waiting until "load"

2025-10-31 08:25:17 | WARNING | [async] Failed fetching detail page https://uaelegislation.gov.ae/en/legislations/1602: Page.goto: net::ERR_ABORTED at https://uaelegislation.gov.ae/en/legislations/1602
Call log:
  - navigating to "https://uaelegislation.gov.ae/en/legislations/1602", waiting until "load"

2025-10-31 08:25:17 | WARNING | [async] Failed fetching detail page https://uaelegislation.gov.ae/en/legislations/1609: Page.goto: net::ERR_ABORTED at https://uaelegislation.gov.ae/en/legislations/1609
Call log:
  - navigating to "https://uaelegislation.gov.ae/en/legislations/1609", waiting until "load"

2025-10-31 08:25:17 | WARNING | [async] Failed fetching detail page https://uaelegislation.gov.ae/en/legislations/1612: Page.goto: net::ERR_ABORTED at https://uaelegislation.gov.ae/en/legislations/1612
Call log:
  - navigating to "https://uaelegislation.gov.ae/en/legislations/1612", waiting until "load"

2025-10-31 08:25:17 | WARNING | [async] Failed fetching detail page https://uaelegislation.gov.ae/en/legislations/1581: Page.goto: net::ERR_ABORTED at https://uaelegislation.gov.ae/en/legislations/1581
Call log:
  - navigating to "https://uaelegislation.gov.ae/en/legislations/1581", waiting until "load"

2025-10-31 08:25:17 | WARNING | [async] Failed fetching detail page https://uaelegislation.gov.ae/en/legislations/1570: Page.goto: net::ERR_ABORTED at https://uaelegislation.gov.ae/en/legislations/1570
Call log:
  - navigating to "https://uaelegislation.gov.ae/en/legislations/1570", waiting until "load"

2025-10-31 08:25:17 | WARNING | [async] Failed fetching detail page https://uaelegislation.gov.ae/en/legislations/1615: Page.goto: net::ERR_ABORTED at https://uaelegislation.gov.ae/en/legislations/1615
Call log:
  - navigating to "https://uaelegislation.gov.ae/en/legislations/1615", waiting until "load"

2025-10-31 08:25:17 | WARNING | [async] Failed fetching detail page https://uaelegislation.gov.ae/en/legislations/1539: Page.goto: net::ERR_ABORTED at https://uaelegislation.gov.ae/en/legislations/1539
Call log:
  - navigating to "https://uaelegislation.gov.ae/en/legislations/1539", waiting until "load"

2025-10-31 08:25:17 | WARNING | [async] Failed fetching detail page https://uaelegislation.gov.ae/en/legislations/1978: Page.goto: net::ERR_ABORTED at https://uaelegislation.gov.ae/en/legislations/1978
Call log:
  - navigating to "https://uaelegislation.gov.ae/en/legislations/1978", waiting until "load"

2025-10-31 08:25:17 | WARNING | [async] Failed fetching detail page https://uaelegislation.gov.ae/en/legislations/1515: Page.goto: net::ERR_ABORTED at https://uaelegislation.gov.ae/en/legislations/1515
Call log:
  - navigating to "https://uaelegislation.gov.ae/en/legislations/1515", waiting until "load"

2025-10-31 08:25:17 | WARNING | [async] Failed fetching detail page https://uaelegislation.gov.ae/en/legislations/1977: Page.goto: net::ERR_ABORTED at https://uaelegislation.gov.ae/en/legislations/1977
Call log:
  - navigating to "https://uaelegislation.gov.ae/en/legislations/1977", waiting until "load"

2025-10-31 08:25:17 | WARNING | [async] Failed fetching detail page https://uaelegislation.gov.ae/en/legislations/2119: Page.goto: net::ERR_ABORTED at https://uaelegislation.gov.ae/en/legislations/2119
Call log:
  - navigating to "https://uaelegislation.gov.ae/en/legislations/2119", waiting until "load"

2025-10-31 08:25:17 | WARNING | [async] Failed fetching detail page https://uaelegislation.gov.ae/en/legislations/2470: Page.goto: net::ERR_ABORTED at https://uaelegislation.gov.ae/en/legislations/2470
Call log:
  - navigating to "https://uaelegislation.gov.ae/en/legislations/2470", waiting until "load"

2025-10-31 08:25:17 | WARNING | [async] Failed fetching detail page https://uaelegislation.gov.ae/en/legislations/1446: Page.goto: net::ERR_ABORTED at https://uaelegislation.gov.ae/en/legislations/1446
Call log:
  - navigating to "https://uaelegislation.gov.ae/en/legislations/1446", waiting until "load"

2025-10-31 08:25:17 | WARNING | [async] Failed fetching detail page https://uaelegislation.gov.ae/en/legislations/1032: Page.goto: net::ERR_ABORTED at https://uaelegislation.gov.ae/en/legislations/1032
Call log:
  - navigating to "https://uaelegislation.gov.ae/en/legislations/1032", waiting until "load"

2025-10-31 08:25:17 | WARNING | [async] Failed fetching detail page https://uaelegislation.gov.ae/en/legislations/1431: Page.goto: net::ERR_ABORTED at https://uaelegislation.gov.ae/en/legislations/1431
Call log:
  - navigating to "https://uaelegislation.gov.ae/en/legislations/1431", waiting until "load"

2025-10-31 08:25:17 | WARNING | [async] Failed fetching detail page https://uaelegislation.gov.ae/en/legislations/1188: Page.goto: net::ERR_ABORTED at https://uaelegislation.gov.ae/en/legislations/1188
Call log:
  - navigating to "https://uaelegislation.gov.ae/en/legislations/1188", waiting until "load"

2025-10-31 08:25:17 | WARNING | [async] Failed fetching detail page https://uaelegislation.gov.ae/en/legislations/1124: Page.goto: net::ERR_ABORTED at https://uaelegislation.gov.ae/en/legislations/1124
Call log:
  - navigating to "https://uaelegislation.gov.ae/en/legislations/1124", waiting until "load"

2025-10-31 08:25:17 | WARNING | [async] Failed fetching detail page https://uaelegislation.gov.ae/en/legislations/1967: Page.goto: net::ERR_ABORTED at https://uaelegislation.gov.ae/en/legislations/1967
Call log:
  - navigating to "https://uaelegislation.gov.ae/en/legislations/1967", waiting until "load"

2025-10-31 08:25:17 | WARNING | [async] Failed fetching detail page https://uaelegislation.gov.ae/en/legislations/1985: Page.goto: net::ERR_ABORTED at https://uaelegislation.gov.ae/en/legislations/1985
Call log:
  - navigating to "https://uaelegislation.gov.ae/en/legislations/1985", waiting until "load"

2025-10-31 08:25:17 | WARNING | [async] Failed fetching detail page https://uaelegislation.gov.ae/en/legislations/1999: Page.goto: net::ERR_ABORTED at https://uaelegislation.gov.ae/en/legislations/1999
Call log:
  - navigating to "https://uaelegislation.gov.ae/en/legislations/1999", waiting until "load"

2025-10-31 08:25:17 | WARNING | [async] Failed fetching detail page https://uaelegislation.gov.ae/en/legislations/1991: Page.goto: net::ERR_ABORTED at https://uaelegislation.gov.ae/en/legislations/1991
Call log:
  - navigating to "https://uaelegislation.gov.ae/en/legislations/1991", waiting until "load"

2025-10-31 08:25:17 | WARNING | [async] Failed fetching detail page https://uaelegislation.gov.ae/en/legislations/1025: Page.goto: net::ERR_ABORTED at https://uaelegislation.gov.ae/en/legislations/1025
Call log:
  - navigating to "https://uaelegislation.gov.ae/en/legislations/1025", waiting until "load"

2025-10-31 08:25:17 | WARNING | [async] Failed fetching detail page https://uaelegislation.gov.ae/en/legislations/1187: Page.goto: net::ERR_ABORTED at https://uaelegislation.gov.ae/en/legislations/1187
Call log:
  - navigating to "https://uaelegislation.gov.ae/en/legislations/1187", waiting until "load"

2025-10-31 08:25:17 | WARNING | [async] Failed fetching detail page https://uaelegislation.gov.ae/en/legislations/2873: Page.goto: net::ERR_ABORTED at https://uaelegislation.gov.ae/en/legislations/2873
Call log:
  - navigating to "https://uaelegislation.gov.ae/en/legislations/2873", waiting until "load"

2025-10-31 08:25:26 | INFO | [async] PDF discovery completed: 50 links in 17.60s
2025-10-31 08:25:26 | INFO | File already exists, checking hash: uploads/legislation/EN.pdf
2025-10-31 08:25:26 | INFO | Downloading PDF: https://uaelegislation.gov.ae/en/legislations/2121/download
2025-10-31 08:25:27 | INFO | Saved PDF: uploads/legislation/EN.pdf
2025-10-31 08:25:30 | INFO | Uploading uploads/legislation/EN.pdf to s3://akio-report-data/uae_legislation/EN.pdf
2025-10-31 08:25:30 | ERROR | AWS credentials not found. Set AWS_ACCESS_KEY_ID and AWS_SECRET_ACCESS_KEY environment variables, or configure AWS credentials file.
2025-10-31 08:25:30 | WARNING | [async] S3 upload failed for uploads/legislation/EN.pdf: boto3/credentials issue
2025-10-31 08:25:30 | INFO | Extracting text from PDF: uploads/legislation/EN.pdf
2025-10-31 08:25:30 | INFO | Created 28 chunks from EN.pdf
2025-10-31 08:25:32 | INFO | File already exists, checking hash: uploads/legislation/ع.pdf
2025-10-31 08:25:32 | INFO | Downloading PDF: https://uaelegislation.gov.ae/ar/legislations/2121/download
2025-10-31 08:25:34 | INFO | Saved PDF: uploads/legislation/ع.pdf
2025-10-31 08:25:36 | INFO | Uploading uploads/legislation/ع.pdf to s3://akio-report-data/uae_legislation/ع.pdf
2025-10-31 08:25:36 | ERROR | AWS credentials not found. Set AWS_ACCESS_KEY_ID and AWS_SECRET_ACCESS_KEY environment variables, or configure AWS credentials file.
2025-10-31 08:25:36 | WARNING | [async] S3 upload failed for uploads/legislation/ع.pdf: boto3/credentials issue
2025-10-31 08:25:36 | INFO | Extracting text from PDF: uploads/legislation/ع.pdf
2025-10-31 08:25:36 | INFO | Created 9 chunks from ع.pdf
2025-10-31 08:25:38 | INFO | File already exists, checking hash: uploads/legislation/EN.pdf
2025-10-31 08:25:38 | INFO | Downloading PDF: https://uaelegislation.gov.ae/en/legislations/1602/download
2025-10-31 08:25:40 | INFO | Saved PDF: uploads/legislation/EN.pdf
2025-10-31 08:25:40 | INFO | Uploading uploads/legislation/EN.pdf to s3://akio-report-data/uae_legislation/EN.pdf
2025-10-31 08:25:40 | ERROR | AWS credentials not found. Set AWS_ACCESS_KEY_ID and AWS_SECRET_ACCESS_KEY environment variables, or configure AWS credentials file.
2025-10-31 08:25:40 | WARNING | [async] S3 upload failed for uploads/legislation/EN.pdf: boto3/credentials issue
2025-10-31 08:25:40 | INFO | Extracting text from PDF: uploads/legislation/EN.pdf
2025-10-31 08:25:41 | INFO | Created 171 chunks from EN.pdf
2025-10-31 08:25:54 | INFO | File already exists, checking hash: uploads/legislation/ع.pdf
2025-10-31 08:25:54 | INFO | Downloading PDF: https://uaelegislation.gov.ae/ar/legislations/1602/download
2025-10-31 08:25:56 | INFO | Saved PDF: uploads/legislation/ع.pdf
2025-10-31 08:25:56 | INFO | Uploading uploads/legislation/ع.pdf to s3://akio-report-data/uae_legislation/ع.pdf
2025-10-31 08:25:56 | ERROR | AWS credentials not found. Set AWS_ACCESS_KEY_ID and AWS_SECRET_ACCESS_KEY environment variables, or configure AWS credentials file.
2025-10-31 08:25:56 | WARNING | [async] S3 upload failed for uploads/legislation/ع.pdf: boto3/credentials issue
2025-10-31 08:25:56 | INFO | Extracting text from PDF: uploads/legislation/ع.pdf
2025-10-31 08:25:58 | INFO | Created 37 chunks from ع.pdf
2025-10-31 08:26:03 | INFO | File already exists, checking hash: uploads/legislation/EN.pdf
2025-10-31 08:26:03 | INFO | Downloading PDF: https://uaelegislation.gov.ae/en/legislations/1609/download
2025-10-31 08:26:05 | INFO | Saved PDF: uploads/legislation/EN.pdf
2025-10-31 08:26:07 | INFO | Uploading uploads/legislation/EN.pdf to s3://akio-report-data/uae_legislation/EN.pdf
2025-10-31 08:26:07 | ERROR | AWS credentials not found. Set AWS_ACCESS_KEY_ID and AWS_SECRET_ACCESS_KEY environment variables, or configure AWS credentials file.
2025-10-31 08:26:07 | WARNING | [async] S3 upload failed for uploads/legislation/EN.pdf: boto3/credentials issue
2025-10-31 08:26:07 | INFO | Extracting text from PDF: uploads/legislation/EN.pdf
2025-10-31 08:26:08 | INFO | Created 147 chunks from EN.pdf
2025-10-31 08:26:20 | INFO | File already exists, checking hash: uploads/legislation/ع.pdf
2025-10-31 08:26:20 | INFO | Downloading PDF: https://uaelegislation.gov.ae/ar/legislations/1609/download
2025-10-31 08:26:22 | INFO | Saved PDF: uploads/legislation/ع.pdf
2025-10-31 08:26:24 | INFO | Uploading uploads/legislation/ع.pdf to s3://akio-report-data/uae_legislation/ع.pdf
2025-10-31 08:26:24 | ERROR | AWS credentials not found. Set AWS_ACCESS_KEY_ID and AWS_SECRET_ACCESS_KEY environment variables, or configure AWS credentials file.
2025-10-31 08:26:24 | WARNING | [async] S3 upload failed for uploads/legislation/ع.pdf: boto3/credentials issue
2025-10-31 08:26:24 | INFO | Extracting text from PDF: uploads/legislation/ع.pdf
2025-10-31 08:26:26 | INFO | Created 95 chunks from ع.pdf
2025-10-31 08:26:32 | INFO | File already exists, checking hash: uploads/legislation/EN.pdf
2025-10-31 08:26:32 | INFO | Downloading PDF: https://uaelegislation.gov.ae/en/legislations/1612/download
2025-10-31 08:26:34 | INFO | Saved PDF: uploads/legislation/EN.pdf
2025-10-31 08:26:34 | INFO | Uploading uploads/legislation/EN.pdf to s3://akio-report-data/uae_legislation/EN.pdf
2025-10-31 08:26:34 | ERROR | AWS credentials not found. Set AWS_ACCESS_KEY_ID and AWS_SECRET_ACCESS_KEY environment variables, or configure AWS credentials file.
2025-10-31 08:26:34 | WARNING | [async] S3 upload failed for uploads/legislation/EN.pdf: boto3/credentials issue
2025-10-31 08:26:34 | INFO | Extracting text from PDF: uploads/legislation/EN.pdf
2025-10-31 08:26:34 | INFO | Created 46 chunks from EN.pdf
2025-10-31 08:26:37 | INFO | File already exists, checking hash: uploads/legislation/ع.pdf
2025-10-31 08:26:37 | INFO | Downloading PDF: https://uaelegislation.gov.ae/ar/legislations/1612/download
2025-10-31 08:26:38 | INFO | Saved PDF: uploads/legislation/ع.pdf
2025-10-31 08:26:38 | INFO | Uploading uploads/legislation/ع.pdf to s3://akio-report-data/uae_legislation/ع.pdf
2025-10-31 08:26:38 | ERROR | AWS credentials not found. Set AWS_ACCESS_KEY_ID and AWS_SECRET_ACCESS_KEY environment variables, or configure AWS credentials file.
2025-10-31 08:26:38 | WARNING | [async] S3 upload failed for uploads/legislation/ع.pdf: boto3/credentials issue
2025-10-31 08:26:38 | INFO | Extracting text from PDF: uploads/legislation/ع.pdf
2025-10-31 08:26:38 | INFO | Created 9 chunks from ع.pdf
2025-10-31 08:26:41 | INFO | File already exists, checking hash: uploads/legislation/EN.pdf
2025-10-31 08:26:41 | INFO | Downloading PDF: https://uaelegislation.gov.ae/en/legislations/1581/download
2025-10-31 08:26:42 | INFO | Saved PDF: uploads/legislation/EN.pdf
2025-10-31 08:26:42 | INFO | Uploading uploads/legislation/EN.pdf to s3://akio-report-data/uae_legislation/EN.pdf
2025-10-31 08:26:42 | ERROR | AWS credentials not found. Set AWS_ACCESS_KEY_ID and AWS_SECRET_ACCESS_KEY environment variables, or configure AWS credentials file.
2025-10-31 08:26:42 | WARNING | [async] S3 upload failed for uploads/legislation/EN.pdf: boto3/credentials issue
2025-10-31 08:26:42 | INFO | Extracting text from PDF: uploads/legislation/EN.pdf
2025-10-31 08:26:42 | INFO | Created 24 chunks from EN.pdf
2025-10-31 08:26:44 | INFO | File already exists, checking hash: uploads/legislation/ع.pdf
2025-10-31 08:26:44 | INFO | Downloading PDF: https://uaelegislation.gov.ae/ar/legislations/1581/download
2025-10-31 08:26:45 | INFO | Saved PDF: uploads/legislation/ع.pdf
2025-10-31 08:26:47 | INFO | Uploading uploads/legislation/ع.pdf to s3://akio-report-data/uae_legislation/ع.pdf
2025-10-31 08:26:47 | ERROR | AWS credentials not found. Set AWS_ACCESS_KEY_ID and AWS_SECRET_ACCESS_KEY environment variables, or configure AWS credentials file.
2025-10-31 08:26:47 | WARNING | [async] S3 upload failed for uploads/legislation/ع.pdf: boto3/credentials issue
2025-10-31 08:26:47 | INFO | Extracting text from PDF: uploads/legislation/ع.pdf
2025-10-31 08:26:48 | INFO | Created 16 chunks from ع.pdf
2025-10-31 08:26:51 | INFO | File already exists, checking hash: uploads/legislation/EN.pdf
2025-10-31 08:26:51 | INFO | Downloading PDF: https://uaelegislation.gov.ae/en/legislations/1570/download
2025-10-31 08:26:52 | INFO | Saved PDF: uploads/legislation/EN.pdf
2025-10-31 08:26:54 | INFO | Uploading uploads/legislation/EN.pdf to s3://akio-report-data/uae_legislation/EN.pdf
2025-10-31 08:26:54 | ERROR | AWS credentials not found. Set AWS_ACCESS_KEY_ID and AWS_SECRET_ACCESS_KEY environment variables, or configure AWS credentials file.
2025-10-31 08:26:54 | WARNING | [async] S3 upload failed for uploads/legislation/EN.pdf: boto3/credentials issue
2025-10-31 08:26:54 | INFO | Extracting text from PDF: uploads/legislation/EN.pdf
2025-10-31 08:26:54 | INFO | Created 38 chunks from EN.pdf
2025-10-31 08:26:57 | INFO | File already exists, checking hash: uploads/legislation/ع.pdf
2025-10-31 08:26:57 | INFO | Downloading PDF: https://uaelegislation.gov.ae/ar/legislations/1570/download
2025-10-31 08:26:59 | INFO | Saved PDF: uploads/legislation/ع.pdf
2025-10-31 08:26:59 | INFO | Uploading uploads/legislation/ع.pdf to s3://akio-report-data/uae_legislation/ع.pdf
2025-10-31 08:26:59 | ERROR | AWS credentials not found. Set AWS_ACCESS_KEY_ID and AWS_SECRET_ACCESS_KEY environment variables, or configure AWS credentials file.
2025-10-31 08:26:59 | WARNING | [async] S3 upload failed for uploads/legislation/ع.pdf: boto3/credentials issue
2025-10-31 08:26:59 | INFO | Extracting text from PDF: uploads/legislation/ع.pdf
2025-10-31 08:26:59 | INFO | Created 27 chunks from ع.pdf
2025-10-31 08:27:07 | INFO | File already exists, checking hash: uploads/legislation/EN.pdf
2025-10-31 08:27:07 | INFO | Downloading PDF: https://uaelegislation.gov.ae/en/legislations/1615/download
2025-10-31 08:27:09 | INFO | Saved PDF: uploads/legislation/EN.pdf
2025-10-31 08:27:09 | INFO | Uploading uploads/legislation/EN.pdf to s3://akio-report-data/uae_legislation/EN.pdf
2025-10-31 08:27:09 | ERROR | AWS credentials not found. Set AWS_ACCESS_KEY_ID and AWS_SECRET_ACCESS_KEY environment variables, or configure AWS credentials file.
2025-10-31 08:27:09 | WARNING | [async] S3 upload failed for uploads/legislation/EN.pdf: boto3/credentials issue
2025-10-31 08:27:09 | INFO | Extracting text from PDF: uploads/legislation/EN.pdf
2025-10-31 08:27:09 | INFO | Created 8 chunks from EN.pdf
2025-10-31 08:27:11 | INFO | File already exists, checking hash: uploads/legislation/ع.pdf
2025-10-31 08:27:11 | INFO | Downloading PDF: https://uaelegislation.gov.ae/ar/legislations/1615/download
2025-10-31 08:27:12 | INFO | Saved PDF: uploads/legislation/ع.pdf
2025-10-31 08:27:12 | INFO | Uploading uploads/legislation/ع.pdf to s3://akio-report-data/uae_legislation/ع.pdf
2025-10-31 08:27:12 | ERROR | AWS credentials not found. Set AWS_ACCESS_KEY_ID and AWS_SECRET_ACCESS_KEY environment variables, or configure AWS credentials file.
2025-10-31 08:27:12 | WARNING | [async] S3 upload failed for uploads/legislation/ع.pdf: boto3/credentials issue
2025-10-31 08:27:12 | INFO | Extracting text from PDF: uploads/legislation/ع.pdf
2025-10-31 08:27:12 | INFO | Created 6 chunks from ع.pdf
2025-10-31 08:27:13 | INFO | File already exists, checking hash: uploads/legislation/EN.pdf
2025-10-31 08:27:13 | INFO | Downloading PDF: https://uaelegislation.gov.ae/en/legislations/1539/download
2025-10-31 08:27:15 | INFO | Saved PDF: uploads/legislation/EN.pdf
2025-10-31 08:27:17 | INFO | Uploading uploads/legislation/EN.pdf to s3://akio-report-data/uae_legislation/EN.pdf
2025-10-31 08:27:17 | ERROR | AWS credentials not found. Set AWS_ACCESS_KEY_ID and AWS_SECRET_ACCESS_KEY environment variables, or configure AWS credentials file.
2025-10-31 08:27:17 | WARNING | [async] S3 upload failed for uploads/legislation/EN.pdf: boto3/credentials issue
2025-10-31 08:27:17 | INFO | Extracting text from PDF: uploads/legislation/EN.pdf
2025-10-31 08:27:17 | INFO | Created 39 chunks from EN.pdf
2025-10-31 08:27:20 | INFO | File already exists, checking hash: uploads/legislation/ع.pdf
2025-10-31 08:27:20 | INFO | Downloading PDF: https://uaelegislation.gov.ae/ar/legislations/1539/download
2025-10-31 08:27:21 | INFO | Saved PDF: uploads/legislation/ع.pdf
2025-10-31 08:27:23 | INFO | Uploading uploads/legislation/ع.pdf to s3://akio-report-data/uae_legislation/ع.pdf
2025-10-31 08:27:23 | ERROR | AWS credentials not found. Set AWS_ACCESS_KEY_ID and AWS_SECRET_ACCESS_KEY environment variables, or configure AWS credentials file.
2025-10-31 08:27:23 | WARNING | [async] S3 upload failed for uploads/legislation/ع.pdf: boto3/credentials issue
2025-10-31 08:27:23 | INFO | Extracting text from PDF: uploads/legislation/ع.pdf
2025-10-31 08:27:24 | INFO | Created 12 chunks from ع.pdf
2025-10-31 08:27:26 | INFO | File already exists, checking hash: uploads/legislation/EN.pdf
2025-10-31 08:27:26 | INFO | Downloading PDF: https://uaelegislation.gov.ae/en/legislations/1978/download
2025-10-31 08:27:27 | INFO | Saved PDF: uploads/legislation/EN.pdf
2025-10-31 08:27:27 | INFO | Uploading uploads/legislation/EN.pdf to s3://akio-report-data/uae_legislation/EN.pdf
2025-10-31 08:27:27 | ERROR | AWS credentials not found. Set AWS_ACCESS_KEY_ID and AWS_SECRET_ACCESS_KEY environment variables, or configure AWS credentials file.
2025-10-31 08:27:27 | WARNING | [async] S3 upload failed for uploads/legislation/EN.pdf: boto3/credentials issue
2025-10-31 08:27:27 | INFO | Extracting text from PDF: uploads/legislation/EN.pdf
2025-10-31 08:27:27 | INFO | Created 10 chunks from EN.pdf
2025-10-31 08:27:29 | INFO | File already exists, checking hash: uploads/legislation/ع.pdf
2025-10-31 08:27:29 | INFO | Downloading PDF: https://uaelegislation.gov.ae/ar/legislations/1978/download
2025-10-31 08:27:30 | INFO | Saved PDF: uploads/legislation/ع.pdf
2025-10-31 08:27:30 | INFO | Uploading uploads/legislation/ع.pdf to s3://akio-report-data/uae_legislation/ع.pdf
2025-10-31 08:27:30 | ERROR | AWS credentials not found. Set AWS_ACCESS_KEY_ID and AWS_SECRET_ACCESS_KEY environment variables, or configure AWS credentials file.
2025-10-31 08:27:30 | WARNING | [async] S3 upload failed for uploads/legislation/ع.pdf: boto3/credentials issue
2025-10-31 08:27:30 | INFO | Extracting text from PDF: uploads/legislation/ع.pdf
2025-10-31 08:27:31 | INFO | Created 3 chunks from ع.pdf
2025-10-31 08:27:31 | INFO | File already exists, checking hash: uploads/legislation/EN.pdf
2025-10-31 08:27:31 | INFO | Downloading PDF: https://uaelegislation.gov.ae/en/legislations/1515/download
2025-10-31 08:27:33 | INFO | Saved PDF: uploads/legislation/EN.pdf
2025-10-31 08:27:33 | INFO | Uploading uploads/legislation/EN.pdf to s3://akio-report-data/uae_legislation/EN.pdf
2025-10-31 08:27:33 | ERROR | AWS credentials not found. Set AWS_ACCESS_KEY_ID and AWS_SECRET_ACCESS_KEY environment variables, or configure AWS credentials file.
2025-10-31 08:27:33 | WARNING | [async] S3 upload failed for uploads/legislation/EN.pdf: boto3/credentials issue
2025-10-31 08:27:33 | INFO | Extracting text from PDF: uploads/legislation/EN.pdf
2025-10-31 08:27:33 | INFO | Created 15 chunks from EN.pdf
2025-10-31 08:27:35 | INFO | File already exists, checking hash: uploads/legislation/ع.pdf
2025-10-31 08:27:35 | INFO | Downloading PDF: https://uaelegislation.gov.ae/ar/legislations/1515/download
2025-10-31 08:27:37 | INFO | Saved PDF: uploads/legislation/ع.pdf
2025-10-31 08:27:37 | INFO | Uploading uploads/legislation/ع.pdf to s3://akio-report-data/uae_legislation/ع.pdf
2025-10-31 08:27:37 | ERROR | AWS credentials not found. Set AWS_ACCESS_KEY_ID and AWS_SECRET_ACCESS_KEY environment variables, or configure AWS credentials file.
2025-10-31 08:27:37 | WARNING | [async] S3 upload failed for uploads/legislation/ع.pdf: boto3/credentials issue
2025-10-31 08:27:37 | INFO | Extracting text from PDF: uploads/legislation/ع.pdf
2025-10-31 08:27:37 | INFO | Created 11 chunks from ع.pdf
2025-10-31 08:27:39 | INFO | File already exists, checking hash: uploads/legislation/EN.pdf
2025-10-31 08:27:39 | INFO | Downloading PDF: https://uaelegislation.gov.ae/en/legislations/1977/download
2025-10-31 08:27:41 | INFO | Saved PDF: uploads/legislation/EN.pdf
2025-10-31 08:27:41 | INFO | Uploading uploads/legislation/EN.pdf to s3://akio-report-data/uae_legislation/EN.pdf
2025-10-31 08:27:41 | ERROR | AWS credentials not found. Set AWS_ACCESS_KEY_ID and AWS_SECRET_ACCESS_KEY environment variables, or configure AWS credentials file.
2025-10-31 08:27:41 | WARNING | [async] S3 upload failed for uploads/legislation/EN.pdf: boto3/credentials issue
2025-10-31 08:27:41 | INFO | Extracting text from PDF: uploads/legislation/EN.pdf
2025-10-31 08:27:41 | INFO | Created 19 chunks from EN.pdf
2025-10-31 08:27:43 | INFO | File already exists, checking hash: uploads/legislation/ع.pdf
2025-10-31 08:27:43 | INFO | Downloading PDF: https://uaelegislation.gov.ae/ar/legislations/1977/download
2025-10-31 08:27:45 | INFO | Saved PDF: uploads/legislation/ع.pdf
2025-10-31 08:27:47 | INFO | Uploading uploads/legislation/ع.pdf to s3://akio-report-data/uae_legislation/ع.pdf
2025-10-31 08:27:47 | ERROR | AWS credentials not found. Set AWS_ACCESS_KEY_ID and AWS_SECRET_ACCESS_KEY environment variables, or configure AWS credentials file.
2025-10-31 08:27:47 | WARNING | [async] S3 upload failed for uploads/legislation/ع.pdf: boto3/credentials issue
2025-10-31 08:27:47 | INFO | Extracting text from PDF: uploads/legislation/ع.pdf
2025-10-31 08:27:47 | INFO | Created 6 chunks from ع.pdf
2025-10-31 08:27:48 | INFO | File already exists, checking hash: uploads/legislation/EN.pdf
2025-10-31 08:27:48 | INFO | Downloading PDF: https://uaelegislation.gov.ae/en/legislations/2119/download
2025-10-31 08:27:50 | INFO | Saved PDF: uploads/legislation/EN.pdf
2025-10-31 08:27:52 | INFO | Uploading uploads/legislation/EN.pdf to s3://akio-report-data/uae_legislation/EN.pdf
2025-10-31 08:27:52 | ERROR | AWS credentials not found. Set AWS_ACCESS_KEY_ID and AWS_SECRET_ACCESS_KEY environment variables, or configure AWS credentials file.
2025-10-31 08:27:52 | WARNING | [async] S3 upload failed for uploads/legislation/EN.pdf: boto3/credentials issue
2025-10-31 08:27:52 | INFO | Extracting text from PDF: uploads/legislation/EN.pdf
2025-10-31 08:27:52 | INFO | Created 12 chunks from EN.pdf
2025-10-31 08:27:53 | INFO | File already exists, checking hash: uploads/legislation/ع.pdf
2025-10-31 08:27:53 | INFO | Downloading PDF: https://uaelegislation.gov.ae/ar/legislations/2119/download
2025-10-31 08:27:55 | INFO | Saved PDF: uploads/legislation/ع.pdf
2025-10-31 08:27:55 | INFO | Uploading uploads/legislation/ع.pdf to s3://akio-report-data/uae_legislation/ع.pdf
2025-10-31 08:27:55 | ERROR | AWS credentials not found. Set AWS_ACCESS_KEY_ID and AWS_SECRET_ACCESS_KEY environment variables, or configure AWS credentials file.
2025-10-31 08:27:55 | WARNING | [async] S3 upload failed for uploads/legislation/ع.pdf: boto3/credentials issue
2025-10-31 08:27:55 | INFO | Extracting text from PDF: uploads/legislation/ع.pdf
2025-10-31 08:27:55 | INFO | Created 3 chunks from ع.pdf
2025-10-31 08:27:56 | INFO | File already exists, checking hash: uploads/legislation/EN.pdf
2025-10-31 08:27:56 | INFO | Downloading PDF: https://uaelegislation.gov.ae/en/legislations/2470/download
2025-10-31 08:27:57 | INFO | Saved PDF: uploads/legislation/EN.pdf
2025-10-31 08:27:57 | INFO | Uploading uploads/legislation/EN.pdf to s3://akio-report-data/uae_legislation/EN.pdf
2025-10-31 08:27:57 | ERROR | AWS credentials not found. Set AWS_ACCESS_KEY_ID and AWS_SECRET_ACCESS_KEY environment variables, or configure AWS credentials file.
2025-10-31 08:27:57 | WARNING | [async] S3 upload failed for uploads/legislation/EN.pdf: boto3/credentials issue
2025-10-31 08:27:57 | INFO | Extracting text from PDF: uploads/legislation/EN.pdf
2025-10-31 08:27:57 | INFO | Created 2 chunks from EN.pdf
2025-10-31 08:27:58 | INFO | File already exists, checking hash: uploads/legislation/ع.pdf
2025-10-31 08:27:58 | INFO | Downloading PDF: https://uaelegislation.gov.ae/ar/legislations/2470/download
2025-10-31 08:27:59 | INFO | Saved PDF: uploads/legislation/ع.pdf
2025-10-31 08:27:59 | INFO | Uploading uploads/legislation/ع.pdf to s3://akio-report-data/uae_legislation/ع.pdf
2025-10-31 08:27:59 | ERROR | AWS credentials not found. Set AWS_ACCESS_KEY_ID and AWS_SECRET_ACCESS_KEY environment variables, or configure AWS credentials file.
2025-10-31 08:27:59 | WARNING | [async] S3 upload failed for uploads/legislation/ع.pdf: boto3/credentials issue
2025-10-31 08:27:59 | INFO | Extracting text from PDF: uploads/legislation/ع.pdf
2025-10-31 08:27:59 | INFO | Created 1 chunks from ع.pdf
2025-10-31 08:28:00 | INFO | File already exists, checking hash: uploads/legislation/EN.pdf
2025-10-31 08:28:00 | INFO | Downloading PDF: https://uaelegislation.gov.ae/en/legislations/1446/download
2025-10-31 08:28:01 | INFO | Saved PDF: uploads/legislation/EN.pdf
2025-10-31 08:28:01 | INFO | Uploading uploads/legislation/EN.pdf to s3://akio-report-data/uae_legislation/EN.pdf
2025-10-31 08:28:01 | ERROR | AWS credentials not found. Set AWS_ACCESS_KEY_ID and AWS_SECRET_ACCESS_KEY environment variables, or configure AWS credentials file.
2025-10-31 08:28:01 | WARNING | [async] S3 upload failed for uploads/legislation/EN.pdf: boto3/credentials issue
2025-10-31 08:28:01 | INFO | Extracting text from PDF: uploads/legislation/EN.pdf
2025-10-31 08:28:02 | INFO | Created 26 chunks from EN.pdf
2025-10-31 08:28:03 | INFO | File already exists, checking hash: uploads/legislation/ع.pdf
2025-10-31 08:28:03 | INFO | Downloading PDF: https://uaelegislation.gov.ae/ar/legislations/1446/download
2025-10-31 08:28:07 | INFO | Saved PDF: uploads/legislation/ع.pdf
2025-10-31 08:28:07 | INFO | Uploading uploads/legislation/ع.pdf to s3://akio-report-data/uae_legislation/ع.pdf
2025-10-31 08:28:07 | ERROR | AWS credentials not found. Set AWS_ACCESS_KEY_ID and AWS_SECRET_ACCESS_KEY environment variables, or configure AWS credentials file.
2025-10-31 08:28:07 | WARNING | [async] S3 upload failed for uploads/legislation/ع.pdf: boto3/credentials issue
2025-10-31 08:28:07 | INFO | Extracting text from PDF: uploads/legislation/ع.pdf
2025-10-31 08:28:07 | INFO | Created 21 chunks from ع.pdf
2025-10-31 08:28:09 | INFO | File already exists, checking hash: uploads/legislation/EN.pdf
2025-10-31 08:28:09 | INFO | Downloading PDF: https://uaelegislation.gov.ae/en/legislations/1032/download
2025-10-31 08:28:10 | INFO | Saved PDF: uploads/legislation/EN.pdf
2025-10-31 08:28:10 | INFO | Uploading uploads/legislation/EN.pdf to s3://akio-report-data/uae_legislation/EN.pdf
2025-10-31 08:28:10 | ERROR | AWS credentials not found. Set AWS_ACCESS_KEY_ID and AWS_SECRET_ACCESS_KEY environment variables, or configure AWS credentials file.
2025-10-31 08:28:10 | WARNING | [async] S3 upload failed for uploads/legislation/EN.pdf: boto3/credentials issue
2025-10-31 08:28:10 | INFO | Extracting text from PDF: uploads/legislation/EN.pdf
2025-10-31 08:28:10 | INFO | Created 38 chunks from EN.pdf
2025-10-31 08:28:13 | INFO | File already exists, checking hash: uploads/legislation/ع.pdf
2025-10-31 08:28:13 | INFO | Downloading PDF: https://uaelegislation.gov.ae/ar/legislations/1032/download
2025-10-31 08:28:14 | INFO | Saved PDF: uploads/legislation/ع.pdf
2025-10-31 08:28:16 | INFO | Uploading uploads/legislation/ع.pdf to s3://akio-report-data/uae_legislation/ع.pdf
2025-10-31 08:28:16 | ERROR | AWS credentials not found. Set AWS_ACCESS_KEY_ID and AWS_SECRET_ACCESS_KEY environment variables, or configure AWS credentials file.
2025-10-31 08:28:16 | WARNING | [async] S3 upload failed for uploads/legislation/ع.pdf: boto3/credentials issue
2025-10-31 08:28:16 | INFO | Extracting text from PDF: uploads/legislation/ع.pdf
2025-10-31 08:28:17 | INFO | Created 28 chunks from ع.pdf
2025-10-31 08:28:20 | INFO | File already exists, checking hash: uploads/legislation/EN.pdf
2025-10-31 08:28:20 | INFO | Downloading PDF: https://uaelegislation.gov.ae/en/legislations/1431/download
2025-10-31 08:28:21 | INFO | Saved PDF: uploads/legislation/EN.pdf
2025-10-31 08:28:23 | INFO | Uploading uploads/legislation/EN.pdf to s3://akio-report-data/uae_legislation/EN.pdf
2025-10-31 08:28:23 | ERROR | AWS credentials not found. Set AWS_ACCESS_KEY_ID and AWS_SECRET_ACCESS_KEY environment variables, or configure AWS credentials file.
2025-10-31 08:28:23 | WARNING | [async] S3 upload failed for uploads/legislation/EN.pdf: boto3/credentials issue
2025-10-31 08:28:23 | INFO | Extracting text from PDF: uploads/legislation/EN.pdf
2025-10-31 08:28:23 | INFO | Created 9 chunks from EN.pdf
2025-10-31 08:28:25 | INFO | File already exists, checking hash: uploads/legislation/ع.pdf
2025-10-31 08:28:25 | INFO | Downloading PDF: https://uaelegislation.gov.ae/ar/legislations/1431/download
2025-10-31 08:28:26 | INFO | Saved PDF: uploads/legislation/ع.pdf
2025-10-31 08:28:26 | INFO | Uploading uploads/legislation/ع.pdf to s3://akio-report-data/uae_legislation/ع.pdf
2025-10-31 08:28:26 | ERROR | AWS credentials not found. Set AWS_ACCESS_KEY_ID and AWS_SECRET_ACCESS_KEY environment variables, or configure AWS credentials file.
2025-10-31 08:28:26 | WARNING | [async] S3 upload failed for uploads/legislation/ع.pdf: boto3/credentials issue
2025-10-31 08:28:26 | INFO | Extracting text from PDF: uploads/legislation/ع.pdf
2025-10-31 08:28:26 | INFO | Created 7 chunks from ع.pdf
2025-10-31 08:28:27 | INFO | File already exists, checking hash: uploads/legislation/EN.pdf
2025-10-31 08:28:27 | INFO | Downloading PDF: https://uaelegislation.gov.ae/en/legislations/1188/download
2025-10-31 08:28:28 | INFO | Saved PDF: uploads/legislation/EN.pdf
2025-10-31 08:28:28 | INFO | Uploading uploads/legislation/EN.pdf to s3://akio-report-data/uae_legislation/EN.pdf
2025-10-31 08:28:28 | ERROR | AWS credentials not found. Set AWS_ACCESS_KEY_ID and AWS_SECRET_ACCESS_KEY environment variables, or configure AWS credentials file.
2025-10-31 08:28:28 | WARNING | [async] S3 upload failed for uploads/legislation/EN.pdf: boto3/credentials issue
2025-10-31 08:28:28 | INFO | Extracting text from PDF: uploads/legislation/EN.pdf
2025-10-31 08:28:29 | INFO | Created 23 chunks from EN.pdf
2025-10-31 08:28:32 | INFO | File already exists, checking hash: uploads/legislation/ع.pdf
2025-10-31 08:28:32 | INFO | Downloading PDF: https://uaelegislation.gov.ae/ar/legislations/1188/download
2025-10-31 08:28:34 | INFO | Saved PDF: uploads/legislation/ع.pdf
2025-10-31 08:28:34 | INFO | Uploading uploads/legislation/ع.pdf to s3://akio-report-data/uae_legislation/ع.pdf
2025-10-31 08:28:34 | ERROR | AWS credentials not found. Set AWS_ACCESS_KEY_ID and AWS_SECRET_ACCESS_KEY environment variables, or configure AWS credentials file.
2025-10-31 08:28:34 | WARNING | [async] S3 upload failed for uploads/legislation/ع.pdf: boto3/credentials issue
2025-10-31 08:28:34 | INFO | Extracting text from PDF: uploads/legislation/ع.pdf
2025-10-31 08:28:35 | INFO | Created 17 chunks from ع.pdf
2025-10-31 08:28:54 | INFO | File already exists, checking hash: uploads/legislation/EN.pdf
2025-10-31 08:28:54 | INFO | Downloading PDF: https://uaelegislation.gov.ae/en/legislations/1124/download
2025-10-31 08:28:56 | INFO | Saved PDF: uploads/legislation/EN.pdf
2025-10-31 08:28:58 | INFO | Uploading uploads/legislation/EN.pdf to s3://akio-report-data/uae_legislation/EN.pdf
2025-10-31 08:28:58 | ERROR | AWS credentials not found. Set AWS_ACCESS_KEY_ID and AWS_SECRET_ACCESS_KEY environment variables, or configure AWS credentials file.
2025-10-31 08:28:58 | WARNING | [async] S3 upload failed for uploads/legislation/EN.pdf: boto3/credentials issue
2025-10-31 08:28:58 | INFO | Extracting text from PDF: uploads/legislation/EN.pdf
2025-10-31 08:28:58 | INFO | Created 10 chunks from EN.pdf
2025-10-31 08:29:00 | INFO | File already exists, checking hash: uploads/legislation/ع.pdf
2025-10-31 08:29:00 | INFO | Downloading PDF: https://uaelegislation.gov.ae/ar/legislations/1124/download
2025-10-31 08:29:02 | INFO | Saved PDF: uploads/legislation/ع.pdf
2025-10-31 08:29:04 | INFO | Uploading uploads/legislation/ع.pdf to s3://akio-report-data/uae_legislation/ع.pdf
2025-10-31 08:29:04 | ERROR | AWS credentials not found. Set AWS_ACCESS_KEY_ID and AWS_SECRET_ACCESS_KEY environment variables, or configure AWS credentials file.
2025-10-31 08:29:04 | WARNING | [async] S3 upload failed for uploads/legislation/ع.pdf: boto3/credentials issue
2025-10-31 08:29:04 | INFO | Extracting text from PDF: uploads/legislation/ع.pdf
2025-10-31 08:29:04 | INFO | Created 9 chunks from ع.pdf
2025-10-31 08:29:05 | INFO | File already exists, checking hash: uploads/legislation/EN.pdf
2025-10-31 08:29:05 | INFO | Downloading PDF: https://uaelegislation.gov.ae/en/legislations/1967/download
2025-10-31 08:29:07 | INFO | Saved PDF: uploads/legislation/EN.pdf
2025-10-31 08:29:07 | INFO | Uploading uploads/legislation/EN.pdf to s3://akio-report-data/uae_legislation/EN.pdf
2025-10-31 08:29:07 | ERROR | AWS credentials not found. Set AWS_ACCESS_KEY_ID and AWS_SECRET_ACCESS_KEY environment variables, or configure AWS credentials file.
2025-10-31 08:29:07 | WARNING | [async] S3 upload failed for uploads/legislation/EN.pdf: boto3/credentials issue
2025-10-31 08:29:07 | INFO | Extracting text from PDF: uploads/legislation/EN.pdf
2025-10-31 08:29:07 | INFO | Created 11 chunks from EN.pdf
2025-10-31 08:29:08 | INFO | File already exists, checking hash: uploads/legislation/ع.pdf
2025-10-31 08:29:08 | INFO | Downloading PDF: https://uaelegislation.gov.ae/ar/legislations/1967/download
2025-10-31 08:29:09 | INFO | Saved PDF: uploads/legislation/ع.pdf
2025-10-31 08:29:09 | INFO | Uploading uploads/legislation/ع.pdf to s3://akio-report-data/uae_legislation/ع.pdf
2025-10-31 08:29:09 | ERROR | AWS credentials not found. Set AWS_ACCESS_KEY_ID and AWS_SECRET_ACCESS_KEY environment variables, or configure AWS credentials file.
2025-10-31 08:29:09 | WARNING | [async] S3 upload failed for uploads/legislation/ع.pdf: boto3/credentials issue
2025-10-31 08:29:09 | INFO | Extracting text from PDF: uploads/legislation/ع.pdf
2025-10-31 08:29:09 | INFO | Created 3 chunks from ع.pdf
2025-10-31 08:29:11 | INFO | File already exists, checking hash: uploads/legislation/EN.pdf
2025-10-31 08:29:11 | INFO | Downloading PDF: https://uaelegislation.gov.ae/en/legislations/1985/download
2025-10-31 08:29:12 | INFO | Saved PDF: uploads/legislation/EN.pdf
2025-10-31 08:29:12 | INFO | Uploading uploads/legislation/EN.pdf to s3://akio-report-data/uae_legislation/EN.pdf
2025-10-31 08:29:12 | ERROR | AWS credentials not found. Set AWS_ACCESS_KEY_ID and AWS_SECRET_ACCESS_KEY environment variables, or configure AWS credentials file.
2025-10-31 08:29:12 | WARNING | [async] S3 upload failed for uploads/legislation/EN.pdf: boto3/credentials issue
2025-10-31 08:29:12 | INFO | Extracting text from PDF: uploads/legislation/EN.pdf
2025-10-31 08:29:12 | INFO | Created 6 chunks from EN.pdf
2025-10-31 08:29:13 | INFO | File already exists, checking hash: uploads/legislation/ع.pdf
2025-10-31 08:29:13 | INFO | Downloading PDF: https://uaelegislation.gov.ae/ar/legislations/1985/download
2025-10-31 08:29:16 | INFO | Saved PDF: uploads/legislation/ع.pdf
2025-10-31 08:29:16 | INFO | Uploading uploads/legislation/ع.pdf to s3://akio-report-data/uae_legislation/ع.pdf
2025-10-31 08:29:16 | ERROR | AWS credentials not found. Set AWS_ACCESS_KEY_ID and AWS_SECRET_ACCESS_KEY environment variables, or configure AWS credentials file.
2025-10-31 08:29:16 | WARNING | [async] S3 upload failed for uploads/legislation/ع.pdf: boto3/credentials issue
2025-10-31 08:29:16 | INFO | Extracting text from PDF: uploads/legislation/ع.pdf
2025-10-31 08:29:16 | INFO | Created 5 chunks from ع.pdf
2025-10-31 08:29:18 | INFO | File already exists, checking hash: uploads/legislation/EN.pdf
2025-10-31 08:29:18 | INFO | Downloading PDF: https://uaelegislation.gov.ae/en/legislations/1999/download
2025-10-31 08:29:20 | INFO | Saved PDF: uploads/legislation/EN.pdf
2025-10-31 08:29:20 | INFO | Uploading uploads/legislation/EN.pdf to s3://akio-report-data/uae_legislation/EN.pdf
2025-10-31 08:29:20 | ERROR | AWS credentials not found. Set AWS_ACCESS_KEY_ID and AWS_SECRET_ACCESS_KEY environment variables, or configure AWS credentials file.
2025-10-31 08:29:20 | WARNING | [async] S3 upload failed for uploads/legislation/EN.pdf: boto3/credentials issue
2025-10-31 08:29:20 | INFO | Extracting text from PDF: uploads/legislation/EN.pdf
2025-10-31 08:29:20 | INFO | Created 6 chunks from EN.pdf
2025-10-31 08:29:21 | INFO | File already exists, checking hash: uploads/legislation/ع.pdf
2025-10-31 08:29:21 | INFO | Downloading PDF: https://uaelegislation.gov.ae/ar/legislations/1999/download
2025-10-31 08:29:23 | INFO | Saved PDF: uploads/legislation/ع.pdf
2025-10-31 08:29:25 | INFO | Uploading uploads/legislation/ع.pdf to s3://akio-report-data/uae_legislation/ع.pdf
2025-10-31 08:29:25 | ERROR | AWS credentials not found. Set AWS_ACCESS_KEY_ID and AWS_SECRET_ACCESS_KEY environment variables, or configure AWS credentials file.
2025-10-31 08:29:25 | WARNING | [async] S3 upload failed for uploads/legislation/ع.pdf: boto3/credentials issue
2025-10-31 08:29:25 | INFO | Extracting text from PDF: uploads/legislation/ع.pdf
2025-10-31 08:29:26 | INFO | Created 2 chunks from ع.pdf
2025-10-31 08:29:27 | INFO | File already exists, checking hash: uploads/legislation/EN.pdf
2025-10-31 08:29:27 | INFO | Downloading PDF: https://uaelegislation.gov.ae/en/legislations/1991/download
2025-10-31 08:29:28 | INFO | Saved PDF: uploads/legislation/EN.pdf
2025-10-31 08:29:30 | INFO | Uploading uploads/legislation/EN.pdf to s3://akio-report-data/uae_legislation/EN.pdf
2025-10-31 08:29:30 | ERROR | AWS credentials not found. Set AWS_ACCESS_KEY_ID and AWS_SECRET_ACCESS_KEY environment variables, or configure AWS credentials file.
2025-10-31 08:29:30 | WARNING | [async] S3 upload failed for uploads/legislation/EN.pdf: boto3/credentials issue
2025-10-31 08:29:30 | INFO | Extracting text from PDF: uploads/legislation/EN.pdf
2025-10-31 08:29:30 | INFO | Created 11 chunks from EN.pdf
2025-10-31 08:29:32 | INFO | File already exists, checking hash: uploads/legislation/ع.pdf
2025-10-31 08:29:32 | INFO | Downloading PDF: https://uaelegislation.gov.ae/ar/legislations/1991/download
2025-10-31 08:29:33 | INFO | Saved PDF: uploads/legislation/ع.pdf
2025-10-31 08:29:33 | INFO | Uploading uploads/legislation/ع.pdf to s3://akio-report-data/uae_legislation/ع.pdf
2025-10-31 08:29:33 | ERROR | AWS credentials not found. Set AWS_ACCESS_KEY_ID and AWS_SECRET_ACCESS_KEY environment variables, or configure AWS credentials file.
2025-10-31 08:29:33 | WARNING | [async] S3 upload failed for uploads/legislation/ع.pdf: boto3/credentials issue
2025-10-31 08:29:33 | INFO | Extracting text from PDF: uploads/legislation/ع.pdf
2025-10-31 08:29:33 | INFO | Created 9 chunks from ع.pdf
2025-10-31 08:29:35 | INFO | File already exists, checking hash: uploads/legislation/EN.pdf
2025-10-31 08:29:35 | INFO | Downloading PDF: https://uaelegislation.gov.ae/en/legislations/1025/download
2025-10-31 08:29:38 | INFO | Saved PDF: uploads/legislation/EN.pdf
2025-10-31 08:29:38 | INFO | Uploading uploads/legislation/EN.pdf to s3://akio-report-data/uae_legislation/EN.pdf
2025-10-31 08:29:38 | ERROR | AWS credentials not found. Set AWS_ACCESS_KEY_ID and AWS_SECRET_ACCESS_KEY environment variables, or configure AWS credentials file.
2025-10-31 08:29:38 | WARNING | [async] S3 upload failed for uploads/legislation/EN.pdf: boto3/credentials issue
2025-10-31 08:29:38 | INFO | Extracting text from PDF: uploads/legislation/EN.pdf
2025-10-31 08:29:41 | INFO | Created 350 chunks from EN.pdf
2025-10-31 08:29:58 | INFO | File already exists, checking hash: uploads/legislation/ع.pdf
2025-10-31 08:29:58 | INFO | Downloading PDF: https://uaelegislation.gov.ae/ar/legislations/1025/download
2025-10-31 08:30:00 | INFO | Saved PDF: uploads/legislation/ع.pdf
2025-10-31 08:30:02 | INFO | Uploading uploads/legislation/ع.pdf to s3://akio-report-data/uae_legislation/ع.pdf
2025-10-31 08:30:02 | ERROR | AWS credentials not found. Set AWS_ACCESS_KEY_ID and AWS_SECRET_ACCESS_KEY environment variables, or configure AWS credentials file.
2025-10-31 08:30:02 | WARNING | [async] S3 upload failed for uploads/legislation/ع.pdf: boto3/credentials issue
2025-10-31 08:30:02 | INFO | Extracting text from PDF: uploads/legislation/ع.pdf
2025-10-31 08:30:06 | INFO | Created 199 chunks from ع.pdf
2025-10-31 08:30:43 | INFO | File already exists, checking hash: uploads/legislation/EN.pdf
2025-10-31 08:30:43 | INFO | Downloading PDF: https://uaelegislation.gov.ae/en/legislations/1187/download
2025-10-31 08:30:46 | INFO | Saved PDF: uploads/legislation/EN.pdf
2025-10-31 08:30:48 | INFO | Uploading uploads/legislation/EN.pdf to s3://akio-report-data/uae_legislation/EN.pdf
2025-10-31 08:30:48 | ERROR | AWS credentials not found. Set AWS_ACCESS_KEY_ID and AWS_SECRET_ACCESS_KEY environment variables, or configure AWS credentials file.
2025-10-31 08:30:48 | WARNING | [async] S3 upload failed for uploads/legislation/EN.pdf: boto3/credentials issue
2025-10-31 08:30:48 | INFO | Extracting text from PDF: uploads/legislation/EN.pdf
2025-10-31 08:30:48 | INFO | Created 5 chunks from EN.pdf
2025-10-31 08:30:50 | INFO | File already exists, checking hash: uploads/legislation/ع.pdf
2025-10-31 08:30:50 | INFO | Downloading PDF: https://uaelegislation.gov.ae/ar/legislations/1187/download
2025-10-31 08:30:52 | INFO | Saved PDF: uploads/legislation/ع.pdf
2025-10-31 08:30:52 | INFO | Uploading uploads/legislation/ع.pdf to s3://akio-report-data/uae_legislation/ع.pdf
2025-10-31 08:30:52 | ERROR | AWS credentials not found. Set AWS_ACCESS_KEY_ID and AWS_SECRET_ACCESS_KEY environment variables, or configure AWS credentials file.
2025-10-31 08:30:52 | WARNING | [async] S3 upload failed for uploads/legislation/ع.pdf: boto3/credentials issue
2025-10-31 08:30:52 | INFO | Extracting text from PDF: uploads/legislation/ع.pdf
2025-10-31 08:30:52 | INFO | Created 4 chunks from ع.pdf
2025-10-31 08:30:53 | INFO | File already exists, checking hash: uploads/legislation/EN.pdf
2025-10-31 08:30:53 | INFO | Downloading PDF: https://uaelegislation.gov.ae/en/legislations/2873/download
2025-10-31 08:30:54 | INFO | Saved PDF: uploads/legislation/EN.pdf
2025-10-31 08:30:54 | INFO | Uploading uploads/legislation/EN.pdf to s3://akio-report-data/uae_legislation/EN.pdf
2025-10-31 08:30:54 | ERROR | AWS credentials not found. Set AWS_ACCESS_KEY_ID and AWS_SECRET_ACCESS_KEY environment variables, or configure AWS credentials file.
2025-10-31 08:30:54 | WARNING | [async] S3 upload failed for uploads/legislation/EN.pdf: boto3/credentials issue
2025-10-31 08:30:54 | INFO | Extracting text from PDF: uploads/legislation/EN.pdf
2025-10-31 08:30:54 | INFO | Created 10 chunks from EN.pdf
2025-10-31 08:30:55 | INFO | File already exists, checking hash: uploads/legislation/ع.pdf
2025-10-31 08:30:55 | INFO | Downloading PDF: https://uaelegislation.gov.ae/ar/legislations/2873/download
2025-10-31 08:30:56 | INFO | Saved PDF: uploads/legislation/ع.pdf
2025-10-31 08:30:56 | INFO | Uploading uploads/legislation/ع.pdf to s3://akio-report-data/uae_legislation/ع.pdf
2025-10-31 08:30:56 | ERROR | AWS credentials not found. Set AWS_ACCESS_KEY_ID and AWS_SECRET_ACCESS_KEY environment variables, or configure AWS credentials file.
2025-10-31 08:30:56 | WARNING | [async] S3 upload failed for uploads/legislation/ع.pdf: boto3/credentials issue
2025-10-31 08:30:56 | INFO | Extracting text from PDF: uploads/legislation/ع.pdf
2025-10-31 08:30:56 | INFO | Created 3 chunks from ع.pdf
2025-10-31 08:37:51 | INFO | [async] Fetching listing page: https://uaelegislation.gov.ae/en/legislations?sector=47
2025-10-31 08:37:57 | INFO | [async] Discovered 2 detail pages from listing (limited)
2025-10-31 08:37:57 | WARNING | [async] Failed fetching detail page https://uaelegislation.gov.ae/en/legislations/2121: Page.goto: net::ERR_ABORTED at https://uaelegislation.gov.ae/en/legislations/2121
Call log:
  - navigating to "https://uaelegislation.gov.ae/en/legislations/2121", waiting until "load"

2025-10-31 08:38:01 | INFO | [async] PDF discovery completed: 50 links in 10.19s
2025-10-31 08:38:01 | INFO | File already exists, checking hash: uploads/legislation/EN.pdf
2025-10-31 08:38:01 | INFO | Downloading PDF: https://uaelegislation.gov.ae/en/legislations/2121/download
2025-10-31 08:38:02 | INFO | Saved PDF: uploads/legislation/EN.pdf
2025-10-31 08:38:02 | INFO | Uploading uploads/legislation/EN.pdf to s3://akio-report-data/uae_legislation/EN.pdf
2025-10-31 08:38:03 | ERROR | Failed to upload uploads/legislation/EN.pdf to s3://akio-report-data/uae_legislation/EN.pdf: S3UploadFailedError: Failed to upload uploads/legislation/EN.pdf to akio-report-data/uae_legislation/EN.pdf: An error occurred (InvalidAccessKeyId) when calling the PutObject operation: The AWS Access Key Id you provided does not exist in our records.
2025-10-31 08:38:03 | WARNING | [async] S3 upload failed for uploads/legislation/EN.pdf: boto3/credentials issue
2025-10-31 08:38:03 | INFO | Extracting text from PDF: uploads/legislation/EN.pdf
2025-10-31 08:38:03 | INFO | Created 28 chunks from EN.pdf
2025-10-31 08:38:05 | INFO | File already exists, checking hash: uploads/legislation/ع.pdf
2025-10-31 08:38:05 | INFO | Downloading PDF: https://uaelegislation.gov.ae/ar/legislations/2121/download
2025-10-31 08:38:07 | INFO | Saved PDF: uploads/legislation/ع.pdf
2025-10-31 08:38:07 | INFO | Uploading uploads/legislation/ع.pdf to s3://akio-report-data/uae_legislation/ع.pdf
2025-10-31 08:38:08 | ERROR | Failed to upload uploads/legislation/ع.pdf to s3://akio-report-data/uae_legislation/ع.pdf: S3UploadFailedError: Failed to upload uploads/legislation/ع.pdf to akio-report-data/uae_legislation/ع.pdf: An error occurred (InvalidAccessKeyId) when calling the PutObject operation: The AWS Access Key Id you provided does not exist in our records.
2025-10-31 08:38:08 | WARNING | [async] S3 upload failed for uploads/legislation/ع.pdf: boto3/credentials issue
2025-10-31 08:38:08 | INFO | Extracting text from PDF: uploads/legislation/ع.pdf
2025-10-31 08:38:08 | INFO | Created 9 chunks from ع.pdf
2025-10-31 08:38:10 | INFO | File already exists, checking hash: uploads/legislation/EN.pdf
2025-10-31 08:38:10 | INFO | Downloading PDF: https://uaelegislation.gov.ae/en/legislations/1602/download
2025-10-31 08:38:12 | INFO | Saved PDF: uploads/legislation/EN.pdf
2025-10-31 08:38:12 | INFO | Uploading uploads/legislation/EN.pdf to s3://akio-report-data/uae_legislation/EN.pdf
2025-10-31 08:38:13 | ERROR | Failed to upload uploads/legislation/EN.pdf to s3://akio-report-data/uae_legislation/EN.pdf: S3UploadFailedError: Failed to upload uploads/legislation/EN.pdf to akio-report-data/uae_legislation/EN.pdf: An error occurred (InvalidAccessKeyId) when calling the PutObject operation: The AWS Access Key Id you provided does not exist in our records.
2025-10-31 08:38:13 | WARNING | [async] S3 upload failed for uploads/legislation/EN.pdf: boto3/credentials issue
2025-10-31 08:38:13 | INFO | Extracting text from PDF: uploads/legislation/EN.pdf
2025-10-31 08:38:14 | INFO | Created 171 chunks from EN.pdf
2025-10-31 08:38:20 | INFO | File already exists, checking hash: uploads/legislation/ع.pdf
2025-10-31 08:38:20 | INFO | Downloading PDF: https://uaelegislation.gov.ae/ar/legislations/1602/download
2025-10-31 08:38:21 | INFO | Saved PDF: uploads/legislation/ع.pdf
2025-10-31 08:38:21 | INFO | Uploading uploads/legislation/ع.pdf to s3://akio-report-data/uae_legislation/ع.pdf
2025-10-31 08:38:22 | ERROR | Failed to upload uploads/legislation/ع.pdf to s3://akio-report-data/uae_legislation/ع.pdf: S3UploadFailedError: Failed to upload uploads/legislation/ع.pdf to akio-report-data/uae_legislation/ع.pdf: An error occurred (InvalidAccessKeyId) when calling the PutObject operation: The AWS Access Key Id you provided does not exist in our records.
2025-10-31 08:38:22 | WARNING | [async] S3 upload failed for uploads/legislation/ع.pdf: boto3/credentials issue
2025-10-31 08:38:22 | INFO | Extracting text from PDF: uploads/legislation/ع.pdf
2025-10-31 08:38:24 | INFO | Created 37 chunks from ع.pdf
2025-10-31 08:38:27 | INFO | File already exists, checking hash: uploads/legislation/EN.pdf
2025-10-31 08:38:27 | INFO | Downloading PDF: https://uaelegislation.gov.ae/en/legislations/1609/download
2025-10-31 08:38:29 | INFO | Saved PDF: uploads/legislation/EN.pdf
2025-10-31 08:38:29 | INFO | Uploading uploads/legislation/EN.pdf to s3://akio-report-data/uae_legislation/EN.pdf
2025-10-31 08:38:30 | ERROR | Failed to upload uploads/legislation/EN.pdf to s3://akio-report-data/uae_legislation/EN.pdf: S3UploadFailedError: Failed to upload uploads/legislation/EN.pdf to akio-report-data/uae_legislation/EN.pdf: An error occurred (InvalidAccessKeyId) when calling the PutObject operation: The AWS Access Key Id you provided does not exist in our records.
2025-10-31 08:38:30 | WARNING | [async] S3 upload failed for uploads/legislation/EN.pdf: boto3/credentials issue
2025-10-31 08:38:30 | INFO | Extracting text from PDF: uploads/legislation/EN.pdf
2025-10-31 08:38:31 | INFO | Created 147 chunks from EN.pdf
2025-10-31 08:38:38 | INFO | File already exists, checking hash: uploads/legislation/ع.pdf
2025-10-31 08:38:38 | INFO | Downloading PDF: https://uaelegislation.gov.ae/ar/legislations/1609/download
2025-10-31 08:38:41 | INFO | Saved PDF: uploads/legislation/ع.pdf
2025-10-31 08:38:41 | INFO | Uploading uploads/legislation/ع.pdf to s3://akio-report-data/uae_legislation/ع.pdf
2025-10-31 08:38:49 | ERROR | Failed to upload uploads/legislation/ع.pdf to s3://akio-report-data/uae_legislation/ع.pdf: S3UploadFailedError: Failed to upload uploads/legislation/ع.pdf to akio-report-data/uae_legislation/ع.pdf: An error occurred (InvalidAccessKeyId) when calling the PutObject operation: The AWS Access Key Id you provided does not exist in our records.
2025-10-31 08:38:49 | WARNING | [async] S3 upload failed for uploads/legislation/ع.pdf: boto3/credentials issue
2025-10-31 08:38:49 | INFO | Extracting text from PDF: uploads/legislation/ع.pdf
2025-10-31 08:38:51 | INFO | Created 95 chunks from ع.pdf
2025-10-31 08:39:21 | INFO | File already exists, checking hash: uploads/legislation/EN.pdf
2025-10-31 08:39:21 | INFO | Downloading PDF: https://uaelegislation.gov.ae/en/legislations/1612/download
2025-10-31 08:39:23 | INFO | Saved PDF: uploads/legislation/EN.pdf
2025-10-31 08:39:23 | INFO | Uploading uploads/legislation/EN.pdf to s3://akio-report-data/uae_legislation/EN.pdf
2025-10-31 08:39:25 | ERROR | Failed to upload uploads/legislation/EN.pdf to s3://akio-report-data/uae_legislation/EN.pdf: S3UploadFailedError: Failed to upload uploads/legislation/EN.pdf to akio-report-data/uae_legislation/EN.pdf: An error occurred (InvalidAccessKeyId) when calling the PutObject operation: The AWS Access Key Id you provided does not exist in our records.
2025-10-31 08:39:25 | WARNING | [async] S3 upload failed for uploads/legislation/EN.pdf: boto3/credentials issue
2025-10-31 08:39:25 | INFO | Extracting text from PDF: uploads/legislation/EN.pdf
2025-10-31 08:39:25 | INFO | Created 46 chunks from EN.pdf
2025-10-31 08:39:29 | INFO | File already exists, checking hash: uploads/legislation/ع.pdf
2025-10-31 08:39:29 | INFO | Downloading PDF: https://uaelegislation.gov.ae/ar/legislations/1612/download
2025-10-31 08:39:31 | INFO | Saved PDF: uploads/legislation/ع.pdf
2025-10-31 08:39:31 | INFO | Uploading uploads/legislation/ع.pdf to s3://akio-report-data/uae_legislation/ع.pdf
2025-10-31 08:39:31 | ERROR | Failed to upload uploads/legislation/ع.pdf to s3://akio-report-data/uae_legislation/ع.pdf: S3UploadFailedError: Failed to upload uploads/legislation/ع.pdf to akio-report-data/uae_legislation/ع.pdf: An error occurred (InvalidAccessKeyId) when calling the PutObject operation: The AWS Access Key Id you provided does not exist in our records.
2025-10-31 08:39:31 | WARNING | [async] S3 upload failed for uploads/legislation/ع.pdf: boto3/credentials issue
2025-10-31 08:39:31 | INFO | Extracting text from PDF: uploads/legislation/ع.pdf
2025-10-31 08:39:32 | INFO | Created 9 chunks from ع.pdf
2025-10-31 08:39:34 | INFO | File already exists, checking hash: uploads/legislation/EN.pdf
2025-10-31 08:39:34 | INFO | Downloading PDF: https://uaelegislation.gov.ae/en/legislations/1581/download
2025-10-31 08:39:35 | INFO | Saved PDF: uploads/legislation/EN.pdf
2025-10-31 08:39:35 | INFO | Uploading uploads/legislation/EN.pdf to s3://akio-report-data/uae_legislation/EN.pdf
2025-10-31 08:39:36 | ERROR | Failed to upload uploads/legislation/EN.pdf to s3://akio-report-data/uae_legislation/EN.pdf: S3UploadFailedError: Failed to upload uploads/legislation/EN.pdf to akio-report-data/uae_legislation/EN.pdf: An error occurred (InvalidAccessKeyId) when calling the PutObject operation: The AWS Access Key Id you provided does not exist in our records.
2025-10-31 08:39:36 | WARNING | [async] S3 upload failed for uploads/legislation/EN.pdf: boto3/credentials issue
2025-10-31 08:39:36 | INFO | Extracting text from PDF: uploads/legislation/EN.pdf
2025-10-31 08:39:36 | INFO | Created 24 chunks from EN.pdf
2025-10-31 08:39:38 | INFO | File already exists, checking hash: uploads/legislation/ع.pdf
2025-10-31 08:39:38 | INFO | Downloading PDF: https://uaelegislation.gov.ae/ar/legislations/1581/download
2025-10-31 08:39:40 | INFO | Saved PDF: uploads/legislation/ع.pdf
2025-10-31 08:39:40 | INFO | Uploading uploads/legislation/ع.pdf to s3://akio-report-data/uae_legislation/ع.pdf
2025-10-31 08:39:41 | ERROR | Failed to upload uploads/legislation/ع.pdf to s3://akio-report-data/uae_legislation/ع.pdf: S3UploadFailedError: Failed to upload uploads/legislation/ع.pdf to akio-report-data/uae_legislation/ع.pdf: An error occurred (InvalidAccessKeyId) when calling the PutObject operation: The AWS Access Key Id you provided does not exist in our records.
2025-10-31 08:39:41 | WARNING | [async] S3 upload failed for uploads/legislation/ع.pdf: boto3/credentials issue
2025-10-31 08:39:41 | INFO | Extracting text from PDF: uploads/legislation/ع.pdf
2025-10-31 08:39:41 | INFO | Created 16 chunks from ع.pdf
2025-10-31 08:39:43 | INFO | File already exists, checking hash: uploads/legislation/EN.pdf
2025-10-31 08:39:43 | INFO | Downloading PDF: https://uaelegislation.gov.ae/en/legislations/1570/download
2025-10-31 08:39:45 | INFO | Saved PDF: uploads/legislation/EN.pdf
2025-10-31 08:39:45 | INFO | Uploading uploads/legislation/EN.pdf to s3://akio-report-data/uae_legislation/EN.pdf
2025-10-31 08:39:46 | ERROR | Failed to upload uploads/legislation/EN.pdf to s3://akio-report-data/uae_legislation/EN.pdf: S3UploadFailedError: Failed to upload uploads/legislation/EN.pdf to akio-report-data/uae_legislation/EN.pdf: An error occurred (InvalidAccessKeyId) when calling the PutObject operation: The AWS Access Key Id you provided does not exist in our records.
2025-10-31 08:39:46 | WARNING | [async] S3 upload failed for uploads/legislation/EN.pdf: boto3/credentials issue
2025-10-31 08:39:46 | INFO | Extracting text from PDF: uploads/legislation/EN.pdf
2025-10-31 08:39:46 | INFO | Created 38 chunks from EN.pdf
2025-10-31 08:39:53 | INFO | File already exists, checking hash: uploads/legislation/ع.pdf
2025-10-31 08:39:53 | INFO | Downloading PDF: https://uaelegislation.gov.ae/ar/legislations/1570/download
2025-10-31 08:39:55 | INFO | Saved PDF: uploads/legislation/ع.pdf
2025-10-31 08:39:55 | INFO | Uploading uploads/legislation/ع.pdf to s3://akio-report-data/uae_legislation/ع.pdf
2025-10-31 08:39:56 | ERROR | Failed to upload uploads/legislation/ع.pdf to s3://akio-report-data/uae_legislation/ع.pdf: S3UploadFailedError: Failed to upload uploads/legislation/ع.pdf to akio-report-data/uae_legislation/ع.pdf: An error occurred (InvalidAccessKeyId) when calling the PutObject operation: The AWS Access Key Id you provided does not exist in our records.
2025-10-31 08:39:56 | WARNING | [async] S3 upload failed for uploads/legislation/ع.pdf: boto3/credentials issue
2025-10-31 08:39:56 | INFO | Extracting text from PDF: uploads/legislation/ع.pdf
2025-10-31 08:39:56 | INFO | Created 27 chunks from ع.pdf
2025-10-31 08:39:59 | INFO | File already exists, checking hash: uploads/legislation/EN.pdf
2025-10-31 08:39:59 | INFO | Downloading PDF: https://uaelegislation.gov.ae/en/legislations/1615/download
2025-10-31 08:40:00 | INFO | Saved PDF: uploads/legislation/EN.pdf
2025-10-31 08:40:00 | INFO | Uploading uploads/legislation/EN.pdf to s3://akio-report-data/uae_legislation/EN.pdf
2025-10-31 08:40:02 | ERROR | Failed to upload uploads/legislation/EN.pdf to s3://akio-report-data/uae_legislation/EN.pdf: S3UploadFailedError: Failed to upload uploads/legislation/EN.pdf to akio-report-data/uae_legislation/EN.pdf: An error occurred (InvalidAccessKeyId) when calling the PutObject operation: The AWS Access Key Id you provided does not exist in our records.
2025-10-31 08:40:02 | WARNING | [async] S3 upload failed for uploads/legislation/EN.pdf: boto3/credentials issue
2025-10-31 08:40:02 | INFO | Extracting text from PDF: uploads/legislation/EN.pdf
2025-10-31 08:40:02 | INFO | Created 8 chunks from EN.pdf
2025-10-31 08:40:04 | INFO | File already exists, checking hash: uploads/legislation/ع.pdf
2025-10-31 08:40:04 | INFO | Downloading PDF: https://uaelegislation.gov.ae/ar/legislations/1615/download
2025-10-31 08:40:06 | INFO | Saved PDF: uploads/legislation/ع.pdf
2025-10-31 08:40:06 | INFO | Uploading uploads/legislation/ع.pdf to s3://akio-report-data/uae_legislation/ع.pdf
2025-10-31 08:40:06 | ERROR | Failed to upload uploads/legislation/ع.pdf to s3://akio-report-data/uae_legislation/ع.pdf: S3UploadFailedError: Failed to upload uploads/legislation/ع.pdf to akio-report-data/uae_legislation/ع.pdf: An error occurred (InvalidAccessKeyId) when calling the PutObject operation: The AWS Access Key Id you provided does not exist in our records.
2025-10-31 08:40:06 | WARNING | [async] S3 upload failed for uploads/legislation/ع.pdf: boto3/credentials issue
2025-10-31 08:40:06 | INFO | Extracting text from PDF: uploads/legislation/ع.pdf
2025-10-31 08:40:07 | INFO | Created 6 chunks from ع.pdf
2025-10-31 08:40:08 | INFO | File already exists, checking hash: uploads/legislation/EN.pdf
2025-10-31 08:40:08 | INFO | Downloading PDF: https://uaelegislation.gov.ae/en/legislations/1539/download
2025-10-31 08:40:10 | INFO | Saved PDF: uploads/legislation/EN.pdf
2025-10-31 08:40:10 | INFO | Uploading uploads/legislation/EN.pdf to s3://akio-report-data/uae_legislation/EN.pdf
2025-10-31 08:40:11 | ERROR | Failed to upload uploads/legislation/EN.pdf to s3://akio-report-data/uae_legislation/EN.pdf: S3UploadFailedError: Failed to upload uploads/legislation/EN.pdf to akio-report-data/uae_legislation/EN.pdf: An error occurred (InvalidAccessKeyId) when calling the PutObject operation: The AWS Access Key Id you provided does not exist in our records.
2025-10-31 08:40:11 | WARNING | [async] S3 upload failed for uploads/legislation/EN.pdf: boto3/credentials issue
2025-10-31 08:40:11 | INFO | Extracting text from PDF: uploads/legislation/EN.pdf
2025-10-31 08:40:11 | INFO | Created 39 chunks from EN.pdf
2025-10-31 08:40:19 | INFO | File already exists, checking hash: uploads/legislation/ع.pdf
2025-10-31 08:40:19 | INFO | Downloading PDF: https://uaelegislation.gov.ae/ar/legislations/1539/download
2025-10-31 08:40:20 | INFO | Saved PDF: uploads/legislation/ع.pdf
2025-10-31 08:40:20 | INFO | Uploading uploads/legislation/ع.pdf to s3://akio-report-data/uae_legislation/ع.pdf
2025-10-31 08:40:22 | ERROR | Failed to upload uploads/legislation/ع.pdf to s3://akio-report-data/uae_legislation/ع.pdf: S3UploadFailedError: Failed to upload uploads/legislation/ع.pdf to akio-report-data/uae_legislation/ع.pdf: An error occurred (InvalidAccessKeyId) when calling the PutObject operation: The AWS Access Key Id you provided does not exist in our records.
2025-10-31 08:40:22 | WARNING | [async] S3 upload failed for uploads/legislation/ع.pdf: boto3/credentials issue
2025-10-31 08:40:22 | INFO | Extracting text from PDF: uploads/legislation/ع.pdf
2025-10-31 08:40:23 | INFO | Created 12 chunks from ع.pdf
2025-10-31 08:40:24 | INFO | File already exists, checking hash: uploads/legislation/EN.pdf
2025-10-31 08:40:24 | INFO | Downloading PDF: https://uaelegislation.gov.ae/en/legislations/1978/download
2025-10-31 08:40:26 | INFO | Saved PDF: uploads/legislation/EN.pdf
2025-10-31 08:40:26 | INFO | Uploading uploads/legislation/EN.pdf to s3://akio-report-data/uae_legislation/EN.pdf
2025-10-31 08:40:28 | ERROR | Failed to upload uploads/legislation/EN.pdf to s3://akio-report-data/uae_legislation/EN.pdf: S3UploadFailedError: Failed to upload uploads/legislation/EN.pdf to akio-report-data/uae_legislation/EN.pdf: An error occurred (InvalidAccessKeyId) when calling the PutObject operation: The AWS Access Key Id you provided does not exist in our records.
2025-10-31 08:40:28 | WARNING | [async] S3 upload failed for uploads/legislation/EN.pdf: boto3/credentials issue
2025-10-31 08:40:28 | INFO | Extracting text from PDF: uploads/legislation/EN.pdf
2025-10-31 08:40:28 | INFO | Created 10 chunks from EN.pdf
2025-10-31 08:40:30 | INFO | File already exists, checking hash: uploads/legislation/ع.pdf
2025-10-31 08:40:30 | INFO | Downloading PDF: https://uaelegislation.gov.ae/ar/legislations/1978/download
2025-10-31 08:40:32 | INFO | Saved PDF: uploads/legislation/ع.pdf
2025-10-31 08:40:32 | INFO | Uploading uploads/legislation/ع.pdf to s3://akio-report-data/uae_legislation/ع.pdf
2025-10-31 08:40:33 | ERROR | Failed to upload uploads/legislation/ع.pdf to s3://akio-report-data/uae_legislation/ع.pdf: S3UploadFailedError: Failed to upload uploads/legislation/ع.pdf to akio-report-data/uae_legislation/ع.pdf: An error occurred (InvalidAccessKeyId) when calling the PutObject operation: The AWS Access Key Id you provided does not exist in our records.
2025-10-31 08:40:33 | WARNING | [async] S3 upload failed for uploads/legislation/ع.pdf: boto3/credentials issue
2025-10-31 08:40:33 | INFO | Extracting text from PDF: uploads/legislation/ع.pdf
2025-10-31 08:40:33 | INFO | Created 3 chunks from ع.pdf
2025-10-31 08:40:34 | INFO | File already exists, checking hash: uploads/legislation/EN.pdf
2025-10-31 08:40:34 | INFO | Downloading PDF: https://uaelegislation.gov.ae/en/legislations/1515/download
2025-10-31 08:40:36 | INFO | Saved PDF: uploads/legislation/EN.pdf
2025-10-31 08:40:36 | INFO | Uploading uploads/legislation/EN.pdf to s3://akio-report-data/uae_legislation/EN.pdf
2025-10-31 08:40:36 | ERROR | Failed to upload uploads/legislation/EN.pdf to s3://akio-report-data/uae_legislation/EN.pdf: S3UploadFailedError: Failed to upload uploads/legislation/EN.pdf to akio-report-data/uae_legislation/EN.pdf: An error occurred (InvalidAccessKeyId) when calling the PutObject operation: The AWS Access Key Id you provided does not exist in our records.
2025-10-31 08:40:36 | WARNING | [async] S3 upload failed for uploads/legislation/EN.pdf: boto3/credentials issue
2025-10-31 08:40:36 | INFO | Extracting text from PDF: uploads/legislation/EN.pdf
2025-10-31 08:40:37 | INFO | Created 15 chunks from EN.pdf
2025-10-31 08:40:38 | INFO | File already exists, checking hash: uploads/legislation/ع.pdf
2025-10-31 08:40:38 | INFO | Downloading PDF: https://uaelegislation.gov.ae/ar/legislations/1515/download
2025-10-31 08:40:40 | INFO | Saved PDF: uploads/legislation/ع.pdf
2025-10-31 08:40:40 | INFO | Uploading uploads/legislation/ع.pdf to s3://akio-report-data/uae_legislation/ع.pdf
2025-10-31 08:40:41 | ERROR | Failed to upload uploads/legislation/ع.pdf to s3://akio-report-data/uae_legislation/ع.pdf: S3UploadFailedError: Failed to upload uploads/legislation/ع.pdf to akio-report-data/uae_legislation/ع.pdf: An error occurred (InvalidAccessKeyId) when calling the PutObject operation: The AWS Access Key Id you provided does not exist in our records.
2025-10-31 08:40:41 | WARNING | [async] S3 upload failed for uploads/legislation/ع.pdf: boto3/credentials issue
2025-10-31 08:40:41 | INFO | Extracting text from PDF: uploads/legislation/ع.pdf
2025-10-31 08:40:41 | INFO | Created 11 chunks from ع.pdf
2025-10-31 08:40:42 | INFO | File already exists, checking hash: uploads/legislation/EN.pdf
2025-10-31 08:40:42 | INFO | Downloading PDF: https://uaelegislation.gov.ae/en/legislations/1977/download
2025-10-31 08:40:44 | INFO | Saved PDF: uploads/legislation/EN.pdf
2025-10-31 08:40:44 | INFO | Uploading uploads/legislation/EN.pdf to s3://akio-report-data/uae_legislation/EN.pdf
2025-10-31 08:40:45 | ERROR | Failed to upload uploads/legislation/EN.pdf to s3://akio-report-data/uae_legislation/EN.pdf: S3UploadFailedError: Failed to upload uploads/legislation/EN.pdf to akio-report-data/uae_legislation/EN.pdf: An error occurred (InvalidAccessKeyId) when calling the PutObject operation: The AWS Access Key Id you provided does not exist in our records.
2025-10-31 08:40:45 | WARNING | [async] S3 upload failed for uploads/legislation/EN.pdf: boto3/credentials issue
2025-10-31 08:40:45 | INFO | Extracting text from PDF: uploads/legislation/EN.pdf
2025-10-31 08:40:45 | INFO | Created 19 chunks from EN.pdf
2025-10-31 08:40:46 | INFO | File already exists, checking hash: uploads/legislation/ع.pdf
2025-10-31 08:40:46 | INFO | Downloading PDF: https://uaelegislation.gov.ae/ar/legislations/1977/download
2025-10-31 08:40:48 | INFO | Saved PDF: uploads/legislation/ع.pdf
2025-10-31 08:40:48 | INFO | Uploading uploads/legislation/ع.pdf to s3://akio-report-data/uae_legislation/ع.pdf
2025-10-31 08:40:49 | ERROR | Failed to upload uploads/legislation/ع.pdf to s3://akio-report-data/uae_legislation/ع.pdf: S3UploadFailedError: Failed to upload uploads/legislation/ع.pdf to akio-report-data/uae_legislation/ع.pdf: An error occurred (InvalidAccessKeyId) when calling the PutObject operation: The AWS Access Key Id you provided does not exist in our records.
2025-10-31 08:40:49 | WARNING | [async] S3 upload failed for uploads/legislation/ع.pdf: boto3/credentials issue
2025-10-31 08:40:49 | INFO | Extracting text from PDF: uploads/legislation/ع.pdf
2025-10-31 08:40:49 | INFO | Created 6 chunks from ع.pdf
2025-10-31 08:40:50 | INFO | File already exists, checking hash: uploads/legislation/EN.pdf
2025-10-31 08:40:50 | INFO | Downloading PDF: https://uaelegislation.gov.ae/en/legislations/2119/download
2025-10-31 08:40:52 | INFO | Saved PDF: uploads/legislation/EN.pdf
2025-10-31 08:40:52 | INFO | Uploading uploads/legislation/EN.pdf to s3://akio-report-data/uae_legislation/EN.pdf
2025-10-31 08:40:52 | ERROR | Failed to upload uploads/legislation/EN.pdf to s3://akio-report-data/uae_legislation/EN.pdf: S3UploadFailedError: Failed to upload uploads/legislation/EN.pdf to akio-report-data/uae_legislation/EN.pdf: An error occurred (InvalidAccessKeyId) when calling the PutObject operation: The AWS Access Key Id you provided does not exist in our records.
2025-10-31 08:40:52 | WARNING | [async] S3 upload failed for uploads/legislation/EN.pdf: boto3/credentials issue
2025-10-31 08:40:52 | INFO | Extracting text from PDF: uploads/legislation/EN.pdf
2025-10-31 08:40:52 | INFO | Created 12 chunks from EN.pdf
2025-10-31 08:40:54 | INFO | File already exists, checking hash: uploads/legislation/ع.pdf
2025-10-31 08:40:54 | INFO | Downloading PDF: https://uaelegislation.gov.ae/ar/legislations/2119/download
2025-10-31 08:40:55 | INFO | Saved PDF: uploads/legislation/ع.pdf
2025-10-31 08:40:55 | INFO | Uploading uploads/legislation/ع.pdf to s3://akio-report-data/uae_legislation/ع.pdf
2025-10-31 08:40:56 | ERROR | Failed to upload uploads/legislation/ع.pdf to s3://akio-report-data/uae_legislation/ع.pdf: S3UploadFailedError: Failed to upload uploads/legislation/ع.pdf to akio-report-data/uae_legislation/ع.pdf: An error occurred (InvalidAccessKeyId) when calling the PutObject operation: The AWS Access Key Id you provided does not exist in our records.
2025-10-31 08:40:56 | WARNING | [async] S3 upload failed for uploads/legislation/ع.pdf: boto3/credentials issue
2025-10-31 08:40:56 | INFO | Extracting text from PDF: uploads/legislation/ع.pdf
2025-10-31 08:40:56 | INFO | Created 3 chunks from ع.pdf
2025-10-31 08:40:57 | INFO | File already exists, checking hash: uploads/legislation/EN.pdf
2025-10-31 08:40:57 | INFO | Downloading PDF: https://uaelegislation.gov.ae/en/legislations/2470/download
2025-10-31 08:40:58 | INFO | Saved PDF: uploads/legislation/EN.pdf
2025-10-31 08:40:58 | INFO | Uploading uploads/legislation/EN.pdf to s3://akio-report-data/uae_legislation/EN.pdf
2025-10-31 08:40:59 | ERROR | Failed to upload uploads/legislation/EN.pdf to s3://akio-report-data/uae_legislation/EN.pdf: S3UploadFailedError: Failed to upload uploads/legislation/EN.pdf to akio-report-data/uae_legislation/EN.pdf: An error occurred (InvalidAccessKeyId) when calling the PutObject operation: The AWS Access Key Id you provided does not exist in our records.
2025-10-31 08:40:59 | WARNING | [async] S3 upload failed for uploads/legislation/EN.pdf: boto3/credentials issue
2025-10-31 08:40:59 | INFO | Extracting text from PDF: uploads/legislation/EN.pdf
2025-10-31 08:40:59 | INFO | Created 2 chunks from EN.pdf
2025-10-31 08:41:00 | INFO | File already exists, checking hash: uploads/legislation/ع.pdf
2025-10-31 08:41:00 | INFO | Downloading PDF: https://uaelegislation.gov.ae/ar/legislations/2470/download
2025-10-31 08:41:01 | INFO | Saved PDF: uploads/legislation/ع.pdf
2025-10-31 08:41:01 | INFO | Uploading uploads/legislation/ع.pdf to s3://akio-report-data/uae_legislation/ع.pdf
2025-10-31 08:41:02 | ERROR | Failed to upload uploads/legislation/ع.pdf to s3://akio-report-data/uae_legislation/ع.pdf: S3UploadFailedError: Failed to upload uploads/legislation/ع.pdf to akio-report-data/uae_legislation/ع.pdf: An error occurred (InvalidAccessKeyId) when calling the PutObject operation: The AWS Access Key Id you provided does not exist in our records.
2025-10-31 08:41:02 | WARNING | [async] S3 upload failed for uploads/legislation/ع.pdf: boto3/credentials issue
2025-10-31 08:41:02 | INFO | Extracting text from PDF: uploads/legislation/ع.pdf
2025-10-31 08:41:02 | INFO | Created 1 chunks from ع.pdf
2025-10-31 08:41:03 | INFO | File already exists, checking hash: uploads/legislation/EN.pdf
2025-10-31 08:41:03 | INFO | Downloading PDF: https://uaelegislation.gov.ae/en/legislations/1446/download
2025-10-31 08:41:04 | INFO | Saved PDF: uploads/legislation/EN.pdf
2025-10-31 08:41:04 | INFO | Uploading uploads/legislation/EN.pdf to s3://akio-report-data/uae_legislation/EN.pdf
2025-10-31 08:41:05 | ERROR | Failed to upload uploads/legislation/EN.pdf to s3://akio-report-data/uae_legislation/EN.pdf: S3UploadFailedError: Failed to upload uploads/legislation/EN.pdf to akio-report-data/uae_legislation/EN.pdf: An error occurred (InvalidAccessKeyId) when calling the PutObject operation: The AWS Access Key Id you provided does not exist in our records.
2025-10-31 08:41:05 | WARNING | [async] S3 upload failed for uploads/legislation/EN.pdf: boto3/credentials issue
2025-10-31 08:41:05 | INFO | Extracting text from PDF: uploads/legislation/EN.pdf
2025-10-31 08:41:05 | INFO | Created 26 chunks from EN.pdf
2025-10-31 08:41:07 | INFO | File already exists, checking hash: uploads/legislation/ع.pdf
2025-10-31 08:41:07 | INFO | Downloading PDF: https://uaelegislation.gov.ae/ar/legislations/1446/download
2025-10-31 08:41:09 | INFO | Saved PDF: uploads/legislation/ع.pdf
2025-10-31 08:41:09 | INFO | Uploading uploads/legislation/ع.pdf to s3://akio-report-data/uae_legislation/ع.pdf
2025-10-31 08:41:10 | ERROR | Failed to upload uploads/legislation/ع.pdf to s3://akio-report-data/uae_legislation/ع.pdf: S3UploadFailedError: Failed to upload uploads/legislation/ع.pdf to akio-report-data/uae_legislation/ع.pdf: An error occurred (InvalidAccessKeyId) when calling the PutObject operation: The AWS Access Key Id you provided does not exist in our records.
2025-10-31 08:41:10 | WARNING | [async] S3 upload failed for uploads/legislation/ع.pdf: boto3/credentials issue
2025-10-31 08:41:10 | INFO | Extracting text from PDF: uploads/legislation/ع.pdf
2025-10-31 08:41:11 | INFO | Created 21 chunks from ع.pdf
2025-10-31 08:41:13 | INFO | File already exists, checking hash: uploads/legislation/EN.pdf
2025-10-31 08:41:13 | INFO | Downloading PDF: https://uaelegislation.gov.ae/en/legislations/1032/download
2025-10-31 08:41:14 | INFO | Saved PDF: uploads/legislation/EN.pdf
2025-10-31 08:41:14 | INFO | Uploading uploads/legislation/EN.pdf to s3://akio-report-data/uae_legislation/EN.pdf
2025-10-31 08:41:15 | ERROR | Failed to upload uploads/legislation/EN.pdf to s3://akio-report-data/uae_legislation/EN.pdf: S3UploadFailedError: Failed to upload uploads/legislation/EN.pdf to akio-report-data/uae_legislation/EN.pdf: An error occurred (InvalidAccessKeyId) when calling the PutObject operation: The AWS Access Key Id you provided does not exist in our records.
2025-10-31 08:41:15 | WARNING | [async] S3 upload failed for uploads/legislation/EN.pdf: boto3/credentials issue
2025-10-31 08:41:15 | INFO | Extracting text from PDF: uploads/legislation/EN.pdf
2025-10-31 08:41:15 | INFO | Created 38 chunks from EN.pdf
2025-10-31 08:41:17 | INFO | File already exists, checking hash: uploads/legislation/ع.pdf
2025-10-31 08:41:17 | INFO | Downloading PDF: https://uaelegislation.gov.ae/ar/legislations/1032/download
2025-10-31 08:41:19 | INFO | Saved PDF: uploads/legislation/ع.pdf
2025-10-31 08:41:19 | INFO | Uploading uploads/legislation/ع.pdf to s3://akio-report-data/uae_legislation/ع.pdf
2025-10-31 08:41:20 | ERROR | Failed to upload uploads/legislation/ع.pdf to s3://akio-report-data/uae_legislation/ع.pdf: S3UploadFailedError: Failed to upload uploads/legislation/ع.pdf to akio-report-data/uae_legislation/ع.pdf: An error occurred (InvalidAccessKeyId) when calling the PutObject operation: The AWS Access Key Id you provided does not exist in our records.
2025-10-31 08:41:20 | WARNING | [async] S3 upload failed for uploads/legislation/ع.pdf: boto3/credentials issue
2025-10-31 08:41:20 | INFO | Extracting text from PDF: uploads/legislation/ع.pdf
2025-10-31 08:41:20 | INFO | Created 28 chunks from ع.pdf
2025-10-31 08:41:23 | INFO | File already exists, checking hash: uploads/legislation/EN.pdf
2025-10-31 08:41:23 | INFO | Downloading PDF: https://uaelegislation.gov.ae/en/legislations/1431/download
2025-10-31 08:41:25 | INFO | Saved PDF: uploads/legislation/EN.pdf
2025-10-31 08:41:25 | INFO | Uploading uploads/legislation/EN.pdf to s3://akio-report-data/uae_legislation/EN.pdf
2025-10-31 08:41:27 | ERROR | Failed to upload uploads/legislation/EN.pdf to s3://akio-report-data/uae_legislation/EN.pdf: S3UploadFailedError: Failed to upload uploads/legislation/EN.pdf to akio-report-data/uae_legislation/EN.pdf: An error occurred (InvalidAccessKeyId) when calling the PutObject operation: The AWS Access Key Id you provided does not exist in our records.
2025-10-31 08:41:27 | WARNING | [async] S3 upload failed for uploads/legislation/EN.pdf: boto3/credentials issue
2025-10-31 08:41:27 | INFO | Extracting text from PDF: uploads/legislation/EN.pdf
2025-10-31 08:41:27 | INFO | Created 9 chunks from EN.pdf
2025-10-31 08:41:28 | INFO | File already exists, checking hash: uploads/legislation/ع.pdf
2025-10-31 08:41:28 | INFO | Downloading PDF: https://uaelegislation.gov.ae/ar/legislations/1431/download
2025-10-31 08:41:29 | INFO | Saved PDF: uploads/legislation/ع.pdf
2025-10-31 08:41:29 | INFO | Uploading uploads/legislation/ع.pdf to s3://akio-report-data/uae_legislation/ع.pdf
2025-10-31 08:41:30 | ERROR | Failed to upload uploads/legislation/ع.pdf to s3://akio-report-data/uae_legislation/ع.pdf: S3UploadFailedError: Failed to upload uploads/legislation/ع.pdf to akio-report-data/uae_legislation/ع.pdf: An error occurred (InvalidAccessKeyId) when calling the PutObject operation: The AWS Access Key Id you provided does not exist in our records.
2025-10-31 08:41:30 | WARNING | [async] S3 upload failed for uploads/legislation/ع.pdf: boto3/credentials issue
2025-10-31 08:41:30 | INFO | Extracting text from PDF: uploads/legislation/ع.pdf
2025-10-31 08:41:30 | INFO | Created 7 chunks from ع.pdf
2025-10-31 08:41:31 | INFO | File already exists, checking hash: uploads/legislation/EN.pdf
2025-10-31 08:41:31 | INFO | Downloading PDF: https://uaelegislation.gov.ae/en/legislations/1188/download
2025-10-31 08:41:33 | INFO | Saved PDF: uploads/legislation/EN.pdf
2025-10-31 08:41:33 | INFO | Uploading uploads/legislation/EN.pdf to s3://akio-report-data/uae_legislation/EN.pdf
2025-10-31 08:41:34 | ERROR | Failed to upload uploads/legislation/EN.pdf to s3://akio-report-data/uae_legislation/EN.pdf: S3UploadFailedError: Failed to upload uploads/legislation/EN.pdf to akio-report-data/uae_legislation/EN.pdf: An error occurred (InvalidAccessKeyId) when calling the PutObject operation: The AWS Access Key Id you provided does not exist in our records.
2025-10-31 08:41:34 | WARNING | [async] S3 upload failed for uploads/legislation/EN.pdf: boto3/credentials issue
2025-10-31 08:41:34 | INFO | Extracting text from PDF: uploads/legislation/EN.pdf
2025-10-31 08:41:34 | INFO | Created 23 chunks from EN.pdf
2025-10-31 08:41:35 | INFO | File already exists, checking hash: uploads/legislation/ع.pdf
2025-10-31 08:41:35 | INFO | Downloading PDF: https://uaelegislation.gov.ae/ar/legislations/1188/download
2025-10-31 08:41:37 | INFO | Saved PDF: uploads/legislation/ع.pdf
2025-10-31 08:41:37 | INFO | Uploading uploads/legislation/ع.pdf to s3://akio-report-data/uae_legislation/ع.pdf
2025-10-31 08:41:38 | ERROR | Failed to upload uploads/legislation/ع.pdf to s3://akio-report-data/uae_legislation/ع.pdf: S3UploadFailedError: Failed to upload uploads/legislation/ع.pdf to akio-report-data/uae_legislation/ع.pdf: An error occurred (InvalidAccessKeyId) when calling the PutObject operation: The AWS Access Key Id you provided does not exist in our records.
2025-10-31 08:41:38 | WARNING | [async] S3 upload failed for uploads/legislation/ع.pdf: boto3/credentials issue
2025-10-31 08:41:38 | INFO | Extracting text from PDF: uploads/legislation/ع.pdf
2025-10-31 08:41:38 | INFO | Created 17 chunks from ع.pdf
2025-10-31 08:41:39 | INFO | File already exists, checking hash: uploads/legislation/EN.pdf
2025-10-31 08:41:39 | INFO | Downloading PDF: https://uaelegislation.gov.ae/en/legislations/1124/download
2025-10-31 08:41:40 | INFO | Saved PDF: uploads/legislation/EN.pdf
2025-10-31 08:41:40 | INFO | Uploading uploads/legislation/EN.pdf to s3://akio-report-data/uae_legislation/EN.pdf
2025-10-31 08:41:41 | ERROR | Failed to upload uploads/legislation/EN.pdf to s3://akio-report-data/uae_legislation/EN.pdf: S3UploadFailedError: Failed to upload uploads/legislation/EN.pdf to akio-report-data/uae_legislation/EN.pdf: An error occurred (InvalidAccessKeyId) when calling the PutObject operation: The AWS Access Key Id you provided does not exist in our records.
2025-10-31 08:41:41 | WARNING | [async] S3 upload failed for uploads/legislation/EN.pdf: boto3/credentials issue
2025-10-31 08:41:41 | INFO | Extracting text from PDF: uploads/legislation/EN.pdf
2025-10-31 08:41:41 | INFO | Created 10 chunks from EN.pdf
2025-10-31 08:41:43 | INFO | File already exists, checking hash: uploads/legislation/ع.pdf
2025-10-31 08:41:43 | INFO | Downloading PDF: https://uaelegislation.gov.ae/ar/legislations/1124/download
2025-10-31 08:41:44 | INFO | Saved PDF: uploads/legislation/ع.pdf
2025-10-31 08:41:44 | INFO | Uploading uploads/legislation/ع.pdf to s3://akio-report-data/uae_legislation/ع.pdf
2025-10-31 08:41:45 | ERROR | Failed to upload uploads/legislation/ع.pdf to s3://akio-report-data/uae_legislation/ع.pdf: S3UploadFailedError: Failed to upload uploads/legislation/ع.pdf to akio-report-data/uae_legislation/ع.pdf: An error occurred (InvalidAccessKeyId) when calling the PutObject operation: The AWS Access Key Id you provided does not exist in our records.
2025-10-31 08:41:45 | WARNING | [async] S3 upload failed for uploads/legislation/ع.pdf: boto3/credentials issue
2025-10-31 08:41:45 | INFO | Extracting text from PDF: uploads/legislation/ع.pdf
2025-10-31 08:41:45 | INFO | Created 9 chunks from ع.pdf
2025-10-31 08:41:46 | INFO | File already exists, checking hash: uploads/legislation/EN.pdf
2025-10-31 08:41:46 | INFO | Downloading PDF: https://uaelegislation.gov.ae/en/legislations/1967/download
2025-10-31 08:41:47 | INFO | Saved PDF: uploads/legislation/EN.pdf
2025-10-31 08:41:47 | INFO | Uploading uploads/legislation/EN.pdf to s3://akio-report-data/uae_legislation/EN.pdf
2025-10-31 08:41:48 | ERROR | Failed to upload uploads/legislation/EN.pdf to s3://akio-report-data/uae_legislation/EN.pdf: S3UploadFailedError: Failed to upload uploads/legislation/EN.pdf to akio-report-data/uae_legislation/EN.pdf: An error occurred (InvalidAccessKeyId) when calling the PutObject operation: The AWS Access Key Id you provided does not exist in our records.
2025-10-31 08:41:48 | WARNING | [async] S3 upload failed for uploads/legislation/EN.pdf: boto3/credentials issue
2025-10-31 08:41:48 | INFO | Extracting text from PDF: uploads/legislation/EN.pdf
2025-10-31 08:41:48 | INFO | Created 11 chunks from EN.pdf
2025-10-31 08:41:49 | INFO | File already exists, checking hash: uploads/legislation/ع.pdf
2025-10-31 08:41:49 | INFO | Downloading PDF: https://uaelegislation.gov.ae/ar/legislations/1967/download
2025-10-31 08:41:50 | INFO | Saved PDF: uploads/legislation/ع.pdf
2025-10-31 08:41:50 | INFO | Uploading uploads/legislation/ع.pdf to s3://akio-report-data/uae_legislation/ع.pdf
2025-10-31 08:41:51 | ERROR | Failed to upload uploads/legislation/ع.pdf to s3://akio-report-data/uae_legislation/ع.pdf: S3UploadFailedError: Failed to upload uploads/legislation/ع.pdf to akio-report-data/uae_legislation/ع.pdf: An error occurred (InvalidAccessKeyId) when calling the PutObject operation: The AWS Access Key Id you provided does not exist in our records.
2025-10-31 08:41:51 | WARNING | [async] S3 upload failed for uploads/legislation/ع.pdf: boto3/credentials issue
2025-10-31 08:41:51 | INFO | Extracting text from PDF: uploads/legislation/ع.pdf
2025-10-31 08:41:51 | INFO | Created 3 chunks from ع.pdf
2025-10-31 08:41:52 | INFO | File already exists, checking hash: uploads/legislation/EN.pdf
2025-10-31 08:41:52 | INFO | Downloading PDF: https://uaelegislation.gov.ae/en/legislations/1985/download
2025-10-31 08:41:53 | INFO | Saved PDF: uploads/legislation/EN.pdf
2025-10-31 08:41:53 | INFO | Uploading uploads/legislation/EN.pdf to s3://akio-report-data/uae_legislation/EN.pdf
2025-10-31 08:41:54 | ERROR | Failed to upload uploads/legislation/EN.pdf to s3://akio-report-data/uae_legislation/EN.pdf: S3UploadFailedError: Failed to upload uploads/legislation/EN.pdf to akio-report-data/uae_legislation/EN.pdf: An error occurred (InvalidAccessKeyId) when calling the PutObject operation: The AWS Access Key Id you provided does not exist in our records.
2025-10-31 08:41:54 | WARNING | [async] S3 upload failed for uploads/legislation/EN.pdf: boto3/credentials issue
2025-10-31 08:41:54 | INFO | Extracting text from PDF: uploads/legislation/EN.pdf
2025-10-31 08:41:54 | INFO | Created 6 chunks from EN.pdf
2025-10-31 08:41:55 | INFO | File already exists, checking hash: uploads/legislation/ع.pdf
2025-10-31 08:41:55 | INFO | Downloading PDF: https://uaelegislation.gov.ae/ar/legislations/1985/download
2025-10-31 08:41:56 | INFO | Saved PDF: uploads/legislation/ع.pdf
2025-10-31 08:41:56 | INFO | Uploading uploads/legislation/ع.pdf to s3://akio-report-data/uae_legislation/ع.pdf
2025-10-31 08:41:57 | ERROR | Failed to upload uploads/legislation/ع.pdf to s3://akio-report-data/uae_legislation/ع.pdf: S3UploadFailedError: Failed to upload uploads/legislation/ع.pdf to akio-report-data/uae_legislation/ع.pdf: An error occurred (InvalidAccessKeyId) when calling the PutObject operation: The AWS Access Key Id you provided does not exist in our records.
2025-10-31 08:41:57 | WARNING | [async] S3 upload failed for uploads/legislation/ع.pdf: boto3/credentials issue
2025-10-31 08:41:57 | INFO | Extracting text from PDF: uploads/legislation/ع.pdf
2025-10-31 08:41:57 | INFO | Created 5 chunks from ع.pdf
2025-10-31 08:41:58 | INFO | File already exists, checking hash: uploads/legislation/EN.pdf
2025-10-31 08:41:58 | INFO | Downloading PDF: https://uaelegislation.gov.ae/en/legislations/1999/download
2025-10-31 08:42:00 | INFO | Saved PDF: uploads/legislation/EN.pdf
2025-10-31 08:42:00 | INFO | Uploading uploads/legislation/EN.pdf to s3://akio-report-data/uae_legislation/EN.pdf
2025-10-31 08:42:01 | ERROR | Failed to upload uploads/legislation/EN.pdf to s3://akio-report-data/uae_legislation/EN.pdf: S3UploadFailedError: Failed to upload uploads/legislation/EN.pdf to akio-report-data/uae_legislation/EN.pdf: An error occurred (InvalidAccessKeyId) when calling the PutObject operation: The AWS Access Key Id you provided does not exist in our records.
2025-10-31 08:42:01 | WARNING | [async] S3 upload failed for uploads/legislation/EN.pdf: boto3/credentials issue
2025-10-31 08:42:01 | INFO | Extracting text from PDF: uploads/legislation/EN.pdf
2025-10-31 08:42:01 | INFO | Created 6 chunks from EN.pdf
2025-10-31 08:42:02 | INFO | File already exists, checking hash: uploads/legislation/ع.pdf
2025-10-31 08:42:02 | INFO | Downloading PDF: https://uaelegislation.gov.ae/ar/legislations/1999/download
2025-10-31 08:42:05 | INFO | Saved PDF: uploads/legislation/ع.pdf
2025-10-31 08:42:05 | INFO | Uploading uploads/legislation/ع.pdf to s3://akio-report-data/uae_legislation/ع.pdf
2025-10-31 08:42:06 | ERROR | Failed to upload uploads/legislation/ع.pdf to s3://akio-report-data/uae_legislation/ع.pdf: S3UploadFailedError: Failed to upload uploads/legislation/ع.pdf to akio-report-data/uae_legislation/ع.pdf: An error occurred (InvalidAccessKeyId) when calling the PutObject operation: The AWS Access Key Id you provided does not exist in our records.
2025-10-31 08:42:06 | WARNING | [async] S3 upload failed for uploads/legislation/ع.pdf: boto3/credentials issue
2025-10-31 08:42:06 | INFO | Extracting text from PDF: uploads/legislation/ع.pdf
2025-10-31 08:42:06 | INFO | Created 2 chunks from ع.pdf
2025-10-31 08:42:07 | INFO | File already exists, checking hash: uploads/legislation/EN.pdf
2025-10-31 08:42:07 | INFO | Downloading PDF: https://uaelegislation.gov.ae/en/legislations/1991/download
2025-10-31 08:42:09 | INFO | Saved PDF: uploads/legislation/EN.pdf
2025-10-31 08:42:09 | INFO | Uploading uploads/legislation/EN.pdf to s3://akio-report-data/uae_legislation/EN.pdf
2025-10-31 08:42:11 | ERROR | Failed to upload uploads/legislation/EN.pdf to s3://akio-report-data/uae_legislation/EN.pdf: S3UploadFailedError: Failed to upload uploads/legislation/EN.pdf to akio-report-data/uae_legislation/EN.pdf: An error occurred (InvalidAccessKeyId) when calling the PutObject operation: The AWS Access Key Id you provided does not exist in our records.
2025-10-31 08:42:11 | WARNING | [async] S3 upload failed for uploads/legislation/EN.pdf: boto3/credentials issue
2025-10-31 08:42:11 | INFO | Extracting text from PDF: uploads/legislation/EN.pdf
2025-10-31 08:42:11 | INFO | Created 11 chunks from EN.pdf
2025-10-31 08:42:12 | INFO | File already exists, checking hash: uploads/legislation/ع.pdf
2025-10-31 08:42:12 | INFO | Downloading PDF: https://uaelegislation.gov.ae/ar/legislations/1991/download
2025-10-31 08:42:15 | INFO | Saved PDF: uploads/legislation/ع.pdf
2025-10-31 08:42:15 | INFO | Uploading uploads/legislation/ع.pdf to s3://akio-report-data/uae_legislation/ع.pdf
2025-10-31 08:42:16 | ERROR | Failed to upload uploads/legislation/ع.pdf to s3://akio-report-data/uae_legislation/ع.pdf: S3UploadFailedError: Failed to upload uploads/legislation/ع.pdf to akio-report-data/uae_legislation/ع.pdf: An error occurred (InvalidAccessKeyId) when calling the PutObject operation: The AWS Access Key Id you provided does not exist in our records.
2025-10-31 08:42:16 | WARNING | [async] S3 upload failed for uploads/legislation/ع.pdf: boto3/credentials issue
2025-10-31 08:42:16 | INFO | Extracting text from PDF: uploads/legislation/ع.pdf
2025-10-31 08:42:17 | INFO | Created 9 chunks from ع.pdf
2025-10-31 08:42:18 | INFO | File already exists, checking hash: uploads/legislation/EN.pdf
2025-10-31 08:42:18 | INFO | Downloading PDF: https://uaelegislation.gov.ae/en/legislations/1025/download
2025-10-31 08:42:21 | INFO | Saved PDF: uploads/legislation/EN.pdf
2025-10-31 08:42:21 | INFO | Uploading uploads/legislation/EN.pdf to s3://akio-report-data/uae_legislation/EN.pdf
2025-10-31 08:42:22 | ERROR | Failed to upload uploads/legislation/EN.pdf to s3://akio-report-data/uae_legislation/EN.pdf: S3UploadFailedError: Failed to upload uploads/legislation/EN.pdf to akio-report-data/uae_legislation/EN.pdf: An error occurred (InvalidAccessKeyId) when calling the PutObject operation: The AWS Access Key Id you provided does not exist in our records.
2025-10-31 08:42:22 | WARNING | [async] S3 upload failed for uploads/legislation/EN.pdf: boto3/credentials issue
2025-10-31 08:42:22 | INFO | Extracting text from PDF: uploads/legislation/EN.pdf
2025-10-31 08:42:24 | INFO | Created 350 chunks from EN.pdf
2025-10-31 08:42:36 | INFO | File already exists, checking hash: uploads/legislation/ع.pdf
2025-10-31 08:42:36 | INFO | Downloading PDF: https://uaelegislation.gov.ae/ar/legislations/1025/download
2025-10-31 08:42:40 | INFO | Saved PDF: uploads/legislation/ع.pdf
2025-10-31 08:42:40 | INFO | Uploading uploads/legislation/ع.pdf to s3://akio-report-data/uae_legislation/ع.pdf
2025-10-31 08:42:41 | ERROR | Failed to upload uploads/legislation/ع.pdf to s3://akio-report-data/uae_legislation/ع.pdf: S3UploadFailedError: Failed to upload uploads/legislation/ع.pdf to akio-report-data/uae_legislation/ع.pdf: An error occurred (InvalidAccessKeyId) when calling the PutObject operation: The AWS Access Key Id you provided does not exist in our records.
2025-10-31 08:42:41 | WARNING | [async] S3 upload failed for uploads/legislation/ع.pdf: boto3/credentials issue
2025-10-31 08:42:41 | INFO | Extracting text from PDF: uploads/legislation/ع.pdf
2025-10-31 08:42:46 | INFO | Created 199 chunks from ع.pdf
2025-10-31 08:42:56 | INFO | File already exists, checking hash: uploads/legislation/EN.pdf
2025-10-31 08:42:56 | INFO | Downloading PDF: https://uaelegislation.gov.ae/en/legislations/1187/download
2025-10-31 08:42:57 | INFO | Saved PDF: uploads/legislation/EN.pdf
2025-10-31 08:42:57 | INFO | Uploading uploads/legislation/EN.pdf to s3://akio-report-data/uae_legislation/EN.pdf
2025-10-31 08:42:58 | ERROR | Failed to upload uploads/legislation/EN.pdf to s3://akio-report-data/uae_legislation/EN.pdf: S3UploadFailedError: Failed to upload uploads/legislation/EN.pdf to akio-report-data/uae_legislation/EN.pdf: An error occurred (InvalidAccessKeyId) when calling the PutObject operation: The AWS Access Key Id you provided does not exist in our records.
2025-10-31 08:42:58 | WARNING | [async] S3 upload failed for uploads/legislation/EN.pdf: boto3/credentials issue
2025-10-31 08:42:58 | INFO | Extracting text from PDF: uploads/legislation/EN.pdf
2025-10-31 08:42:58 | INFO | Created 5 chunks from EN.pdf
2025-10-31 08:42:59 | INFO | File already exists, checking hash: uploads/legislation/ع.pdf
2025-10-31 08:42:59 | INFO | Downloading PDF: https://uaelegislation.gov.ae/ar/legislations/1187/download
2025-10-31 08:43:00 | INFO | Saved PDF: uploads/legislation/ع.pdf
2025-10-31 08:43:00 | INFO | Uploading uploads/legislation/ع.pdf to s3://akio-report-data/uae_legislation/ع.pdf
2025-10-31 08:43:01 | ERROR | Failed to upload uploads/legislation/ع.pdf to s3://akio-report-data/uae_legislation/ع.pdf: S3UploadFailedError: Failed to upload uploads/legislation/ع.pdf to akio-report-data/uae_legislation/ع.pdf: An error occurred (InvalidAccessKeyId) when calling the PutObject operation: The AWS Access Key Id you provided does not exist in our records.
2025-10-31 08:43:01 | WARNING | [async] S3 upload failed for uploads/legislation/ع.pdf: boto3/credentials issue
2025-10-31 08:43:01 | INFO | Extracting text from PDF: uploads/legislation/ع.pdf
2025-10-31 08:43:01 | INFO | Created 4 chunks from ع.pdf
2025-10-31 08:43:02 | INFO | File already exists, checking hash: uploads/legislation/EN.pdf
2025-10-31 08:43:02 | INFO | Downloading PDF: https://uaelegislation.gov.ae/en/legislations/2873/download
2025-10-31 08:43:03 | INFO | Saved PDF: uploads/legislation/EN.pdf
2025-10-31 08:43:03 | INFO | Uploading uploads/legislation/EN.pdf to s3://akio-report-data/uae_legislation/EN.pdf
2025-10-31 08:43:03 | ERROR | Failed to upload uploads/legislation/EN.pdf to s3://akio-report-data/uae_legislation/EN.pdf: S3UploadFailedError: Failed to upload uploads/legislation/EN.pdf to akio-report-data/uae_legislation/EN.pdf: An error occurred (InvalidAccessKeyId) when calling the PutObject operation: The AWS Access Key Id you provided does not exist in our records.
2025-10-31 08:43:03 | WARNING | [async] S3 upload failed for uploads/legislation/EN.pdf: boto3/credentials issue
2025-10-31 08:43:03 | INFO | Extracting text from PDF: uploads/legislation/EN.pdf
2025-10-31 08:43:04 | INFO | Created 10 chunks from EN.pdf
2025-10-31 08:43:05 | INFO | File already exists, checking hash: uploads/legislation/ع.pdf
2025-10-31 08:43:05 | INFO | Downloading PDF: https://uaelegislation.gov.ae/ar/legislations/2873/download
2025-10-31 08:43:06 | INFO | Saved PDF: uploads/legislation/ع.pdf
2025-10-31 08:43:06 | INFO | Uploading uploads/legislation/ع.pdf to s3://akio-report-data/uae_legislation/ع.pdf
2025-10-31 08:43:07 | ERROR | Failed to upload uploads/legislation/ع.pdf to s3://akio-report-data/uae_legislation/ع.pdf: S3UploadFailedError: Failed to upload uploads/legislation/ع.pdf to akio-report-data/uae_legislation/ع.pdf: An error occurred (InvalidAccessKeyId) when calling the PutObject operation: The AWS Access Key Id you provided does not exist in our records.
2025-10-31 08:43:07 | WARNING | [async] S3 upload failed for uploads/legislation/ع.pdf: boto3/credentials issue
2025-10-31 08:43:07 | INFO | Extracting text from PDF: uploads/legislation/ع.pdf
2025-10-31 08:43:07 | INFO | Created 3 chunks from ع.pdf
2025-10-31 08:50:10 | INFO | [async] Fetching listing page: https://uaelegislation.gov.ae/en/legislations?sector=47
2025-10-31 08:50:19 | INFO | [async] Discovered 2 detail pages from listing (limited)
2025-10-31 08:50:19 | WARNING | [async] Failed fetching detail page https://uaelegislation.gov.ae/en/legislations/2121: Page.goto: net::ERR_ABORTED at https://uaelegislation.gov.ae/en/legislations/2121
Call log:
  - navigating to "https://uaelegislation.gov.ae/en/legislations/2121", waiting until "load"

2025-10-31 08:50:24 | INFO | [async] PDF discovery completed: 50 links in 13.56s
2025-10-31 08:50:24 | INFO | File already exists, checking hash: uploads/legislation/EN.pdf
2025-10-31 08:50:24 | INFO | Downloading PDF: https://uaelegislation.gov.ae/en/legislations/2121/download
2025-10-31 08:50:25 | INFO | Saved PDF: uploads/legislation/EN.pdf
2025-10-31 08:50:25 | INFO | Uploading uploads/legislation/EN.pdf to s3://akio-report-data/uae_legislation/EN.pdf
2025-10-31 08:50:26 | ERROR | Failed to upload uploads/legislation/EN.pdf to s3://akio-report-data/uae_legislation/EN.pdf: S3UploadFailedError: Failed to upload uploads/legislation/EN.pdf to akio-report-data/uae_legislation/EN.pdf: An error occurred (InvalidAccessKeyId) when calling the PutObject operation: The AWS Access Key Id you provided does not exist in our records.
2025-10-31 08:50:26 | WARNING | [async] S3 upload failed for uploads/legislation/EN.pdf: boto3/credentials issue
2025-10-31 08:50:26 | INFO | Extracting text from PDF: uploads/legislation/EN.pdf
2025-10-31 08:50:26 | INFO | Created 28 chunks from EN.pdf
2025-10-31 08:50:30 | INFO | File already exists, checking hash: uploads/legislation/ع.pdf
2025-10-31 08:50:30 | INFO | Downloading PDF: https://uaelegislation.gov.ae/ar/legislations/2121/download
2025-10-31 08:50:32 | INFO | Saved PDF: uploads/legislation/ع.pdf
2025-10-31 08:50:32 | INFO | Uploading uploads/legislation/ع.pdf to s3://akio-report-data/uae_legislation/ع.pdf
2025-10-31 08:50:32 | ERROR | Failed to upload uploads/legislation/ع.pdf to s3://akio-report-data/uae_legislation/ع.pdf: S3UploadFailedError: Failed to upload uploads/legislation/ع.pdf to akio-report-data/uae_legislation/ع.pdf: An error occurred (InvalidAccessKeyId) when calling the PutObject operation: The AWS Access Key Id you provided does not exist in our records.
2025-10-31 08:50:32 | WARNING | [async] S3 upload failed for uploads/legislation/ع.pdf: boto3/credentials issue
2025-10-31 08:50:32 | INFO | Extracting text from PDF: uploads/legislation/ع.pdf
2025-10-31 08:50:33 | INFO | Created 9 chunks from ع.pdf
2025-10-31 08:50:40 | INFO | File already exists, checking hash: uploads/legislation/EN.pdf
2025-10-31 08:50:40 | INFO | Downloading PDF: https://uaelegislation.gov.ae/en/legislations/1602/download
2025-10-31 08:50:42 | INFO | Saved PDF: uploads/legislation/EN.pdf
2025-10-31 08:50:42 | INFO | Uploading uploads/legislation/EN.pdf to s3://akio-report-data/uae_legislation/EN.pdf
2025-10-31 08:50:44 | ERROR | Failed to upload uploads/legislation/EN.pdf to s3://akio-report-data/uae_legislation/EN.pdf: S3UploadFailedError: Failed to upload uploads/legislation/EN.pdf to akio-report-data/uae_legislation/EN.pdf: An error occurred (InvalidAccessKeyId) when calling the PutObject operation: The AWS Access Key Id you provided does not exist in our records.
2025-10-31 08:50:44 | WARNING | [async] S3 upload failed for uploads/legislation/EN.pdf: boto3/credentials issue
2025-10-31 08:50:44 | INFO | Extracting text from PDF: uploads/legislation/EN.pdf
2025-10-31 08:50:45 | INFO | Created 171 chunks from EN.pdf
2025-10-31 08:50:58 | INFO | File already exists, checking hash: uploads/legislation/ع.pdf
2025-10-31 08:50:58 | INFO | Downloading PDF: https://uaelegislation.gov.ae/ar/legislations/1602/download
2025-10-31 08:51:01 | INFO | Saved PDF: uploads/legislation/ع.pdf
2025-10-31 08:51:01 | INFO | Uploading uploads/legislation/ع.pdf to s3://akio-report-data/uae_legislation/ع.pdf
2025-10-31 08:51:03 | ERROR | Failed to upload uploads/legislation/ع.pdf to s3://akio-report-data/uae_legislation/ع.pdf: S3UploadFailedError: Failed to upload uploads/legislation/ع.pdf to akio-report-data/uae_legislation/ع.pdf: An error occurred (InvalidAccessKeyId) when calling the PutObject operation: The AWS Access Key Id you provided does not exist in our records.
2025-10-31 08:51:03 | WARNING | [async] S3 upload failed for uploads/legislation/ع.pdf: boto3/credentials issue
2025-10-31 08:51:03 | INFO | Extracting text from PDF: uploads/legislation/ع.pdf
2025-10-31 08:51:04 | INFO | Created 37 chunks from ع.pdf
2025-10-31 08:51:08 | INFO | File already exists, checking hash: uploads/legislation/EN.pdf
2025-10-31 08:51:08 | INFO | Downloading PDF: https://uaelegislation.gov.ae/en/legislations/1609/download
2025-10-31 08:51:10 | INFO | Saved PDF: uploads/legislation/EN.pdf
2025-10-31 08:51:10 | INFO | Uploading uploads/legislation/EN.pdf to s3://akio-report-data/uae_legislation/EN.pdf
2025-10-31 08:51:11 | ERROR | Failed to upload uploads/legislation/EN.pdf to s3://akio-report-data/uae_legislation/EN.pdf: S3UploadFailedError: Failed to upload uploads/legislation/EN.pdf to akio-report-data/uae_legislation/EN.pdf: An error occurred (InvalidAccessKeyId) when calling the PutObject operation: The AWS Access Key Id you provided does not exist in our records.
2025-10-31 08:51:11 | WARNING | [async] S3 upload failed for uploads/legislation/EN.pdf: boto3/credentials issue
2025-10-31 08:51:11 | INFO | Extracting text from PDF: uploads/legislation/EN.pdf
2025-10-31 08:51:12 | INFO | Created 147 chunks from EN.pdf
2025-10-31 08:51:22 | INFO | File already exists, checking hash: uploads/legislation/ع.pdf
2025-10-31 08:51:22 | INFO | Downloading PDF: https://uaelegislation.gov.ae/ar/legislations/1609/download
2025-10-31 08:51:25 | INFO | Saved PDF: uploads/legislation/ع.pdf
2025-10-31 08:51:25 | INFO | Uploading uploads/legislation/ع.pdf to s3://akio-report-data/uae_legislation/ع.pdf
2025-10-31 08:51:27 | ERROR | Failed to upload uploads/legislation/ع.pdf to s3://akio-report-data/uae_legislation/ع.pdf: S3UploadFailedError: Failed to upload uploads/legislation/ع.pdf to akio-report-data/uae_legislation/ع.pdf: An error occurred (InvalidAccessKeyId) when calling the PutObject operation: The AWS Access Key Id you provided does not exist in our records.
2025-10-31 08:51:27 | WARNING | [async] S3 upload failed for uploads/legislation/ع.pdf: boto3/credentials issue
2025-10-31 08:51:27 | INFO | Extracting text from PDF: uploads/legislation/ع.pdf
2025-10-31 08:51:29 | INFO | Created 95 chunks from ع.pdf
2025-10-31 08:51:43 | INFO | File already exists, checking hash: uploads/legislation/EN.pdf
2025-10-31 08:51:43 | INFO | Downloading PDF: https://uaelegislation.gov.ae/en/legislations/1612/download
2025-10-31 08:51:44 | INFO | Saved PDF: uploads/legislation/EN.pdf
2025-10-31 08:51:44 | INFO | Uploading uploads/legislation/EN.pdf to s3://akio-report-data/uae_legislation/EN.pdf
2025-10-31 08:51:45 | ERROR | Failed to upload uploads/legislation/EN.pdf to s3://akio-report-data/uae_legislation/EN.pdf: S3UploadFailedError: Failed to upload uploads/legislation/EN.pdf to akio-report-data/uae_legislation/EN.pdf: An error occurred (InvalidAccessKeyId) when calling the PutObject operation: The AWS Access Key Id you provided does not exist in our records.
2025-10-31 08:51:45 | WARNING | [async] S3 upload failed for uploads/legislation/EN.pdf: boto3/credentials issue
2025-10-31 08:51:45 | INFO | Extracting text from PDF: uploads/legislation/EN.pdf
2025-10-31 08:51:46 | INFO | Created 46 chunks from EN.pdf
2025-10-31 08:51:49 | INFO | File already exists, checking hash: uploads/legislation/ع.pdf
2025-10-31 08:51:49 | INFO | Downloading PDF: https://uaelegislation.gov.ae/ar/legislations/1612/download
2025-10-31 08:51:51 | INFO | Saved PDF: uploads/legislation/ع.pdf
2025-10-31 08:51:51 | INFO | Uploading uploads/legislation/ع.pdf to s3://akio-report-data/uae_legislation/ع.pdf
2025-10-31 08:51:52 | ERROR | Failed to upload uploads/legislation/ع.pdf to s3://akio-report-data/uae_legislation/ع.pdf: S3UploadFailedError: Failed to upload uploads/legislation/ع.pdf to akio-report-data/uae_legislation/ع.pdf: An error occurred (InvalidAccessKeyId) when calling the PutObject operation: The AWS Access Key Id you provided does not exist in our records.
2025-10-31 08:51:52 | WARNING | [async] S3 upload failed for uploads/legislation/ع.pdf: boto3/credentials issue
2025-10-31 08:51:52 | INFO | Extracting text from PDF: uploads/legislation/ع.pdf
2025-10-31 08:51:52 | INFO | Created 9 chunks from ع.pdf
2025-10-31 08:51:54 | INFO | File already exists, checking hash: uploads/legislation/EN.pdf
2025-10-31 08:51:54 | INFO | Downloading PDF: https://uaelegislation.gov.ae/en/legislations/1581/download
2025-10-31 08:51:55 | INFO | Saved PDF: uploads/legislation/EN.pdf
2025-10-31 08:51:55 | INFO | Uploading uploads/legislation/EN.pdf to s3://akio-report-data/uae_legislation/EN.pdf
2025-10-31 08:51:56 | ERROR | Failed to upload uploads/legislation/EN.pdf to s3://akio-report-data/uae_legislation/EN.pdf: S3UploadFailedError: Failed to upload uploads/legislation/EN.pdf to akio-report-data/uae_legislation/EN.pdf: An error occurred (InvalidAccessKeyId) when calling the PutObject operation: The AWS Access Key Id you provided does not exist in our records.
2025-10-31 08:51:56 | WARNING | [async] S3 upload failed for uploads/legislation/EN.pdf: boto3/credentials issue
2025-10-31 08:51:56 | INFO | Extracting text from PDF: uploads/legislation/EN.pdf
2025-10-31 08:51:56 | INFO | Created 24 chunks from EN.pdf
2025-10-31 08:51:58 | INFO | File already exists, checking hash: uploads/legislation/ع.pdf
2025-10-31 08:51:58 | INFO | Downloading PDF: https://uaelegislation.gov.ae/ar/legislations/1581/download
2025-10-31 08:52:00 | INFO | Saved PDF: uploads/legislation/ع.pdf
2025-10-31 08:52:00 | INFO | Uploading uploads/legislation/ع.pdf to s3://akio-report-data/uae_legislation/ع.pdf
2025-10-31 08:52:01 | ERROR | Failed to upload uploads/legislation/ع.pdf to s3://akio-report-data/uae_legislation/ع.pdf: S3UploadFailedError: Failed to upload uploads/legislation/ع.pdf to akio-report-data/uae_legislation/ع.pdf: An error occurred (InvalidAccessKeyId) when calling the PutObject operation: The AWS Access Key Id you provided does not exist in our records.
2025-10-31 08:52:01 | WARNING | [async] S3 upload failed for uploads/legislation/ع.pdf: boto3/credentials issue
2025-10-31 08:52:01 | INFO | Extracting text from PDF: uploads/legislation/ع.pdf
2025-10-31 08:52:01 | INFO | Created 16 chunks from ع.pdf
2025-10-31 08:52:04 | INFO | File already exists, checking hash: uploads/legislation/EN.pdf
2025-10-31 08:52:04 | INFO | Downloading PDF: https://uaelegislation.gov.ae/en/legislations/1570/download
2025-10-31 08:52:06 | INFO | Saved PDF: uploads/legislation/EN.pdf
2025-10-31 08:52:06 | INFO | Uploading uploads/legislation/EN.pdf to s3://akio-report-data/uae_legislation/EN.pdf
2025-10-31 08:52:10 | ERROR | Failed to upload uploads/legislation/EN.pdf to s3://akio-report-data/uae_legislation/EN.pdf: S3UploadFailedError: Failed to upload uploads/legislation/EN.pdf to akio-report-data/uae_legislation/EN.pdf: An error occurred (InvalidAccessKeyId) when calling the PutObject operation: The AWS Access Key Id you provided does not exist in our records.
2025-10-31 08:52:10 | WARNING | [async] S3 upload failed for uploads/legislation/EN.pdf: boto3/credentials issue
2025-10-31 08:52:10 | INFO | Extracting text from PDF: uploads/legislation/EN.pdf
2025-10-31 08:52:11 | INFO | Created 38 chunks from EN.pdf
2025-10-31 08:52:15 | INFO | File already exists, checking hash: uploads/legislation/ع.pdf
2025-10-31 08:52:15 | INFO | Downloading PDF: https://uaelegislation.gov.ae/ar/legislations/1570/download
2025-10-31 08:52:16 | INFO | Saved PDF: uploads/legislation/ع.pdf
2025-10-31 08:52:16 | INFO | Uploading uploads/legislation/ع.pdf to s3://akio-report-data/uae_legislation/ع.pdf
2025-10-31 08:52:17 | ERROR | Failed to upload uploads/legislation/ع.pdf to s3://akio-report-data/uae_legislation/ع.pdf: S3UploadFailedError: Failed to upload uploads/legislation/ع.pdf to akio-report-data/uae_legislation/ع.pdf: An error occurred (InvalidAccessKeyId) when calling the PutObject operation: The AWS Access Key Id you provided does not exist in our records.
2025-10-31 08:52:17 | WARNING | [async] S3 upload failed for uploads/legislation/ع.pdf: boto3/credentials issue
2025-10-31 08:52:17 | INFO | Extracting text from PDF: uploads/legislation/ع.pdf
2025-10-31 08:52:18 | INFO | Created 27 chunks from ع.pdf
2025-10-31 08:52:21 | INFO | File already exists, checking hash: uploads/legislation/EN.pdf
2025-10-31 08:52:21 | INFO | Downloading PDF: https://uaelegislation.gov.ae/en/legislations/1615/download
2025-10-31 08:52:22 | INFO | Saved PDF: uploads/legislation/EN.pdf
2025-10-31 08:52:22 | INFO | Uploading uploads/legislation/EN.pdf to s3://akio-report-data/uae_legislation/EN.pdf
2025-10-31 08:52:23 | ERROR | Failed to upload uploads/legislation/EN.pdf to s3://akio-report-data/uae_legislation/EN.pdf: S3UploadFailedError: Failed to upload uploads/legislation/EN.pdf to akio-report-data/uae_legislation/EN.pdf: An error occurred (InvalidAccessKeyId) when calling the PutObject operation: The AWS Access Key Id you provided does not exist in our records.
2025-10-31 08:52:23 | WARNING | [async] S3 upload failed for uploads/legislation/EN.pdf: boto3/credentials issue
2025-10-31 08:52:23 | INFO | Extracting text from PDF: uploads/legislation/EN.pdf
2025-10-31 08:52:23 | INFO | Created 8 chunks from EN.pdf
2025-10-31 08:52:26 | INFO | File already exists, checking hash: uploads/legislation/ع.pdf
2025-10-31 08:52:26 | INFO | Downloading PDF: https://uaelegislation.gov.ae/ar/legislations/1615/download
2025-10-31 08:52:27 | INFO | Saved PDF: uploads/legislation/ع.pdf
2025-10-31 08:52:27 | INFO | Uploading uploads/legislation/ع.pdf to s3://akio-report-data/uae_legislation/ع.pdf
2025-10-31 08:52:28 | ERROR | Failed to upload uploads/legislation/ع.pdf to s3://akio-report-data/uae_legislation/ع.pdf: S3UploadFailedError: Failed to upload uploads/legislation/ع.pdf to akio-report-data/uae_legislation/ع.pdf: An error occurred (InvalidAccessKeyId) when calling the PutObject operation: The AWS Access Key Id you provided does not exist in our records.
2025-10-31 08:52:28 | WARNING | [async] S3 upload failed for uploads/legislation/ع.pdf: boto3/credentials issue
2025-10-31 08:52:28 | INFO | Extracting text from PDF: uploads/legislation/ع.pdf
2025-10-31 08:52:28 | INFO | Created 6 chunks from ع.pdf
2025-10-31 08:52:30 | INFO | File already exists, checking hash: uploads/legislation/EN.pdf
2025-10-31 08:52:30 | INFO | Downloading PDF: https://uaelegislation.gov.ae/en/legislations/1539/download
2025-10-31 08:52:31 | INFO | Saved PDF: uploads/legislation/EN.pdf
2025-10-31 08:52:31 | INFO | Uploading uploads/legislation/EN.pdf to s3://akio-report-data/uae_legislation/EN.pdf
2025-10-31 08:52:32 | ERROR | Failed to upload uploads/legislation/EN.pdf to s3://akio-report-data/uae_legislation/EN.pdf: S3UploadFailedError: Failed to upload uploads/legislation/EN.pdf to akio-report-data/uae_legislation/EN.pdf: An error occurred (InvalidAccessKeyId) when calling the PutObject operation: The AWS Access Key Id you provided does not exist in our records.
2025-10-31 08:52:32 | WARNING | [async] S3 upload failed for uploads/legislation/EN.pdf: boto3/credentials issue
2025-10-31 08:52:32 | INFO | Extracting text from PDF: uploads/legislation/EN.pdf
2025-10-31 08:52:33 | INFO | Created 39 chunks from EN.pdf
2025-10-31 08:52:36 | INFO | File already exists, checking hash: uploads/legislation/ع.pdf
2025-10-31 08:52:36 | INFO | Downloading PDF: https://uaelegislation.gov.ae/ar/legislations/1539/download
2025-10-31 08:52:38 | INFO | Saved PDF: uploads/legislation/ع.pdf
2025-10-31 08:52:38 | INFO | Uploading uploads/legislation/ع.pdf to s3://akio-report-data/uae_legislation/ع.pdf
2025-10-31 08:52:38 | ERROR | Failed to upload uploads/legislation/ع.pdf to s3://akio-report-data/uae_legislation/ع.pdf: S3UploadFailedError: Failed to upload uploads/legislation/ع.pdf to akio-report-data/uae_legislation/ع.pdf: An error occurred (InvalidAccessKeyId) when calling the PutObject operation: The AWS Access Key Id you provided does not exist in our records.
2025-10-31 08:52:38 | WARNING | [async] S3 upload failed for uploads/legislation/ع.pdf: boto3/credentials issue
2025-10-31 08:52:38 | INFO | Extracting text from PDF: uploads/legislation/ع.pdf
2025-10-31 08:52:39 | INFO | Created 12 chunks from ع.pdf
2025-10-31 08:52:41 | INFO | File already exists, checking hash: uploads/legislation/EN.pdf
2025-10-31 08:52:41 | INFO | Downloading PDF: https://uaelegislation.gov.ae/en/legislations/1978/download
2025-10-31 08:52:42 | INFO | Saved PDF: uploads/legislation/EN.pdf
2025-10-31 08:52:42 | INFO | Uploading uploads/legislation/EN.pdf to s3://akio-report-data/uae_legislation/EN.pdf
2025-10-31 08:52:43 | ERROR | Failed to upload uploads/legislation/EN.pdf to s3://akio-report-data/uae_legislation/EN.pdf: S3UploadFailedError: Failed to upload uploads/legislation/EN.pdf to akio-report-data/uae_legislation/EN.pdf: An error occurred (InvalidAccessKeyId) when calling the PutObject operation: The AWS Access Key Id you provided does not exist in our records.
2025-10-31 08:52:43 | WARNING | [async] S3 upload failed for uploads/legislation/EN.pdf: boto3/credentials issue
2025-10-31 08:52:43 | INFO | Extracting text from PDF: uploads/legislation/EN.pdf
2025-10-31 08:52:43 | INFO | Created 10 chunks from EN.pdf
2025-10-31 08:52:45 | INFO | File already exists, checking hash: uploads/legislation/ع.pdf
2025-10-31 08:52:45 | INFO | Downloading PDF: https://uaelegislation.gov.ae/ar/legislations/1978/download
2025-10-31 08:52:47 | INFO | Saved PDF: uploads/legislation/ع.pdf
2025-10-31 08:52:47 | INFO | Uploading uploads/legislation/ع.pdf to s3://akio-report-data/uae_legislation/ع.pdf
2025-10-31 08:52:49 | ERROR | Failed to upload uploads/legislation/ع.pdf to s3://akio-report-data/uae_legislation/ع.pdf: S3UploadFailedError: Failed to upload uploads/legislation/ع.pdf to akio-report-data/uae_legislation/ع.pdf: An error occurred (InvalidAccessKeyId) when calling the PutObject operation: The AWS Access Key Id you provided does not exist in our records.
2025-10-31 08:52:49 | WARNING | [async] S3 upload failed for uploads/legislation/ع.pdf: boto3/credentials issue
2025-10-31 08:52:49 | INFO | Extracting text from PDF: uploads/legislation/ع.pdf
2025-10-31 08:52:49 | INFO | Created 3 chunks from ع.pdf
2025-10-31 08:52:51 | INFO | File already exists, checking hash: uploads/legislation/EN.pdf
2025-10-31 08:52:51 | INFO | Downloading PDF: https://uaelegislation.gov.ae/en/legislations/1515/download
2025-10-31 08:52:52 | INFO | Saved PDF: uploads/legislation/EN.pdf
2025-10-31 08:52:52 | INFO | Uploading uploads/legislation/EN.pdf to s3://akio-report-data/uae_legislation/EN.pdf
2025-10-31 08:52:54 | ERROR | Failed to upload uploads/legislation/EN.pdf to s3://akio-report-data/uae_legislation/EN.pdf: S3UploadFailedError: Failed to upload uploads/legislation/EN.pdf to akio-report-data/uae_legislation/EN.pdf: An error occurred (InvalidAccessKeyId) when calling the PutObject operation: The AWS Access Key Id you provided does not exist in our records.
2025-10-31 08:52:54 | WARNING | [async] S3 upload failed for uploads/legislation/EN.pdf: boto3/credentials issue
2025-10-31 08:52:54 | INFO | Extracting text from PDF: uploads/legislation/EN.pdf
2025-10-31 08:52:54 | INFO | Created 15 chunks from EN.pdf
2025-10-31 08:52:56 | INFO | File already exists, checking hash: uploads/legislation/ع.pdf
2025-10-31 08:52:56 | INFO | Downloading PDF: https://uaelegislation.gov.ae/ar/legislations/1515/download
2025-10-31 08:52:58 | INFO | Saved PDF: uploads/legislation/ع.pdf
2025-10-31 08:52:58 | INFO | Uploading uploads/legislation/ع.pdf to s3://akio-report-data/uae_legislation/ع.pdf
2025-10-31 08:53:00 | ERROR | Failed to upload uploads/legislation/ع.pdf to s3://akio-report-data/uae_legislation/ع.pdf: S3UploadFailedError: Failed to upload uploads/legislation/ع.pdf to akio-report-data/uae_legislation/ع.pdf: An error occurred (InvalidAccessKeyId) when calling the PutObject operation: The AWS Access Key Id you provided does not exist in our records.
2025-10-31 08:53:00 | WARNING | [async] S3 upload failed for uploads/legislation/ع.pdf: boto3/credentials issue
2025-10-31 08:53:00 | INFO | Extracting text from PDF: uploads/legislation/ع.pdf
2025-10-31 08:53:01 | INFO | Created 11 chunks from ع.pdf
2025-10-31 08:53:03 | INFO | File already exists, checking hash: uploads/legislation/EN.pdf
2025-10-31 08:53:03 | INFO | Downloading PDF: https://uaelegislation.gov.ae/en/legislations/1977/download
2025-10-31 08:53:05 | INFO | Saved PDF: uploads/legislation/EN.pdf
2025-10-31 08:53:05 | INFO | Uploading uploads/legislation/EN.pdf to s3://akio-report-data/uae_legislation/EN.pdf
2025-10-31 08:53:06 | ERROR | Failed to upload uploads/legislation/EN.pdf to s3://akio-report-data/uae_legislation/EN.pdf: S3UploadFailedError: Failed to upload uploads/legislation/EN.pdf to akio-report-data/uae_legislation/EN.pdf: An error occurred (InvalidAccessKeyId) when calling the PutObject operation: The AWS Access Key Id you provided does not exist in our records.
2025-10-31 08:53:06 | WARNING | [async] S3 upload failed for uploads/legislation/EN.pdf: boto3/credentials issue
2025-10-31 08:53:06 | INFO | Extracting text from PDF: uploads/legislation/EN.pdf
2025-10-31 08:53:06 | INFO | Created 19 chunks from EN.pdf
2025-10-31 08:53:09 | INFO | File already exists, checking hash: uploads/legislation/ع.pdf
2025-10-31 08:53:09 | INFO | Downloading PDF: https://uaelegislation.gov.ae/ar/legislations/1977/download
2025-10-31 08:53:12 | INFO | Saved PDF: uploads/legislation/ع.pdf
2025-10-31 08:53:12 | INFO | Uploading uploads/legislation/ع.pdf to s3://akio-report-data/uae_legislation/ع.pdf
2025-10-31 08:53:13 | ERROR | Failed to upload uploads/legislation/ع.pdf to s3://akio-report-data/uae_legislation/ع.pdf: S3UploadFailedError: Failed to upload uploads/legislation/ع.pdf to akio-report-data/uae_legislation/ع.pdf: An error occurred (InvalidAccessKeyId) when calling the PutObject operation: The AWS Access Key Id you provided does not exist in our records.
2025-10-31 08:53:13 | WARNING | [async] S3 upload failed for uploads/legislation/ع.pdf: boto3/credentials issue
2025-10-31 08:53:13 | INFO | Extracting text from PDF: uploads/legislation/ع.pdf
2025-10-31 08:53:13 | INFO | Created 6 chunks from ع.pdf
2025-10-31 08:53:14 | INFO | File already exists, checking hash: uploads/legislation/EN.pdf
2025-10-31 08:53:14 | INFO | Downloading PDF: https://uaelegislation.gov.ae/en/legislations/2119/download
2025-10-31 08:53:16 | INFO | Saved PDF: uploads/legislation/EN.pdf
2025-10-31 08:53:16 | INFO | Uploading uploads/legislation/EN.pdf to s3://akio-report-data/uae_legislation/EN.pdf
2025-10-31 08:53:16 | ERROR | Failed to upload uploads/legislation/EN.pdf to s3://akio-report-data/uae_legislation/EN.pdf: S3UploadFailedError: Failed to upload uploads/legislation/EN.pdf to akio-report-data/uae_legislation/EN.pdf: An error occurred (InvalidAccessKeyId) when calling the PutObject operation: The AWS Access Key Id you provided does not exist in our records.
2025-10-31 08:53:16 | WARNING | [async] S3 upload failed for uploads/legislation/EN.pdf: boto3/credentials issue
2025-10-31 08:53:16 | INFO | Extracting text from PDF: uploads/legislation/EN.pdf
2025-10-31 08:53:16 | INFO | Created 12 chunks from EN.pdf
2025-10-31 08:53:19 | INFO | File already exists, checking hash: uploads/legislation/ع.pdf
2025-10-31 08:53:19 | INFO | Downloading PDF: https://uaelegislation.gov.ae/ar/legislations/2119/download
2025-10-31 08:53:20 | INFO | Saved PDF: uploads/legislation/ع.pdf
2025-10-31 08:53:20 | INFO | Uploading uploads/legislation/ع.pdf to s3://akio-report-data/uae_legislation/ع.pdf
2025-10-31 08:53:21 | ERROR | Failed to upload uploads/legislation/ع.pdf to s3://akio-report-data/uae_legislation/ع.pdf: S3UploadFailedError: Failed to upload uploads/legislation/ع.pdf to akio-report-data/uae_legislation/ع.pdf: An error occurred (InvalidAccessKeyId) when calling the PutObject operation: The AWS Access Key Id you provided does not exist in our records.
2025-10-31 08:53:21 | WARNING | [async] S3 upload failed for uploads/legislation/ع.pdf: boto3/credentials issue
2025-10-31 08:53:21 | INFO | Extracting text from PDF: uploads/legislation/ع.pdf
2025-10-31 08:53:21 | INFO | Created 3 chunks from ع.pdf
2025-10-31 08:53:23 | INFO | File already exists, checking hash: uploads/legislation/EN.pdf
2025-10-31 08:53:23 | INFO | Downloading PDF: https://uaelegislation.gov.ae/en/legislations/2470/download
2025-10-31 08:53:24 | INFO | Saved PDF: uploads/legislation/EN.pdf
2025-10-31 08:53:24 | INFO | Uploading uploads/legislation/EN.pdf to s3://akio-report-data/uae_legislation/EN.pdf
2025-10-31 08:53:25 | ERROR | Failed to upload uploads/legislation/EN.pdf to s3://akio-report-data/uae_legislation/EN.pdf: S3UploadFailedError: Failed to upload uploads/legislation/EN.pdf to akio-report-data/uae_legislation/EN.pdf: An error occurred (InvalidAccessKeyId) when calling the PutObject operation: The AWS Access Key Id you provided does not exist in our records.
2025-10-31 08:53:25 | WARNING | [async] S3 upload failed for uploads/legislation/EN.pdf: boto3/credentials issue
2025-10-31 08:53:25 | INFO | Extracting text from PDF: uploads/legislation/EN.pdf
2025-10-31 08:53:25 | INFO | Created 2 chunks from EN.pdf
2025-10-31 08:53:26 | INFO | File already exists, checking hash: uploads/legislation/ع.pdf
2025-10-31 08:53:26 | INFO | Downloading PDF: https://uaelegislation.gov.ae/ar/legislations/2470/download
2025-10-31 08:53:27 | INFO | Saved PDF: uploads/legislation/ع.pdf
2025-10-31 08:53:27 | INFO | Uploading uploads/legislation/ع.pdf to s3://akio-report-data/uae_legislation/ع.pdf
2025-10-31 08:53:29 | ERROR | Failed to upload uploads/legislation/ع.pdf to s3://akio-report-data/uae_legislation/ع.pdf: S3UploadFailedError: Failed to upload uploads/legislation/ع.pdf to akio-report-data/uae_legislation/ع.pdf: An error occurred (InvalidAccessKeyId) when calling the PutObject operation: The AWS Access Key Id you provided does not exist in our records.
2025-10-31 08:53:29 | WARNING | [async] S3 upload failed for uploads/legislation/ع.pdf: boto3/credentials issue
2025-10-31 08:53:29 | INFO | Extracting text from PDF: uploads/legislation/ع.pdf
2025-10-31 08:53:29 | INFO | Created 1 chunks from ع.pdf
2025-10-31 08:53:30 | INFO | File already exists, checking hash: uploads/legislation/EN.pdf
2025-10-31 08:53:30 | INFO | Downloading PDF: https://uaelegislation.gov.ae/en/legislations/1446/download
2025-10-31 08:53:34 | INFO | Saved PDF: uploads/legislation/EN.pdf
2025-10-31 08:53:34 | INFO | Uploading uploads/legislation/EN.pdf to s3://akio-report-data/uae_legislation/EN.pdf
2025-10-31 08:53:35 | ERROR | Failed to upload uploads/legislation/EN.pdf to s3://akio-report-data/uae_legislation/EN.pdf: S3UploadFailedError: Failed to upload uploads/legislation/EN.pdf to akio-report-data/uae_legislation/EN.pdf: An error occurred (InvalidAccessKeyId) when calling the PutObject operation: The AWS Access Key Id you provided does not exist in our records.
2025-10-31 08:53:35 | WARNING | [async] S3 upload failed for uploads/legislation/EN.pdf: boto3/credentials issue
2025-10-31 08:53:35 | INFO | Extracting text from PDF: uploads/legislation/EN.pdf
2025-10-31 08:53:35 | INFO | Created 26 chunks from EN.pdf
2025-10-31 08:53:38 | INFO | File already exists, checking hash: uploads/legislation/ع.pdf
2025-10-31 08:53:38 | INFO | Downloading PDF: https://uaelegislation.gov.ae/ar/legislations/1446/download
2025-10-31 08:53:42 | INFO | Saved PDF: uploads/legislation/ع.pdf
2025-10-31 08:53:42 | INFO | Uploading uploads/legislation/ع.pdf to s3://akio-report-data/uae_legislation/ع.pdf
2025-10-31 08:53:43 | ERROR | Failed to upload uploads/legislation/ع.pdf to s3://akio-report-data/uae_legislation/ع.pdf: S3UploadFailedError: Failed to upload uploads/legislation/ع.pdf to akio-report-data/uae_legislation/ع.pdf: An error occurred (InvalidAccessKeyId) when calling the PutObject operation: The AWS Access Key Id you provided does not exist in our records.
2025-10-31 08:53:43 | WARNING | [async] S3 upload failed for uploads/legislation/ع.pdf: boto3/credentials issue
2025-10-31 08:53:43 | INFO | Extracting text from PDF: uploads/legislation/ع.pdf
2025-10-31 08:53:44 | INFO | Created 21 chunks from ع.pdf
2025-10-31 08:53:47 | INFO | File already exists, checking hash: uploads/legislation/EN.pdf
2025-10-31 08:53:47 | INFO | Downloading PDF: https://uaelegislation.gov.ae/en/legislations/1032/download
2025-10-31 08:53:48 | INFO | Saved PDF: uploads/legislation/EN.pdf
2025-10-31 08:53:48 | INFO | Uploading uploads/legislation/EN.pdf to s3://akio-report-data/uae_legislation/EN.pdf
2025-10-31 08:53:49 | ERROR | Failed to upload uploads/legislation/EN.pdf to s3://akio-report-data/uae_legislation/EN.pdf: S3UploadFailedError: Failed to upload uploads/legislation/EN.pdf to akio-report-data/uae_legislation/EN.pdf: An error occurred (InvalidAccessKeyId) when calling the PutObject operation: The AWS Access Key Id you provided does not exist in our records.
2025-10-31 08:53:49 | WARNING | [async] S3 upload failed for uploads/legislation/EN.pdf: boto3/credentials issue
2025-10-31 08:53:49 | INFO | Extracting text from PDF: uploads/legislation/EN.pdf
2025-10-31 08:53:49 | INFO | Created 38 chunks from EN.pdf
2025-10-31 08:54:24 | INFO | [async] Fetching listing page: https://uaelegislation.gov.ae/en/legislations?sector=47
2025-10-31 08:54:33 | INFO | [async] Discovered 2 detail pages from listing (limited)
2025-10-31 08:54:33 | WARNING | [async] Failed fetching detail page https://uaelegislation.gov.ae/en/legislations/2121: Page.goto: net::ERR_ABORTED at https://uaelegislation.gov.ae/en/legislations/2121
Call log:
  - navigating to "https://uaelegislation.gov.ae/en/legislations/2121", waiting until "load"

2025-10-31 08:54:37 | INFO | [async] PDF discovery completed: 50 links in 12.95s
2025-10-31 08:54:37 | INFO | File already exists, checking hash: uploads/legislation/EN.pdf
2025-10-31 08:54:37 | INFO | Downloading PDF: https://uaelegislation.gov.ae/en/legislations/2121/download
2025-10-31 08:54:39 | INFO | Saved PDF: uploads/legislation/EN.pdf
2025-10-31 08:54:39 | INFO | Uploading uploads/legislation/EN.pdf to s3://akio-report-data/uae_legislation/EN.pdf
2025-10-31 08:54:40 | ERROR | Failed to upload uploads/legislation/EN.pdf to s3://akio-report-data/uae_legislation/EN.pdf: S3UploadFailedError: Failed to upload uploads/legislation/EN.pdf to akio-report-data/uae_legislation/EN.pdf: An error occurred (InvalidAccessKeyId) when calling the PutObject operation: The AWS Access Key Id you provided does not exist in our records.
2025-10-31 08:54:40 | WARNING | [async] S3 upload failed for uploads/legislation/EN.pdf: boto3/credentials issue
2025-10-31 08:54:40 | INFO | Extracting text from PDF: uploads/legislation/EN.pdf
2025-10-31 08:54:40 | INFO | Created 28 chunks from EN.pdf
2025-10-31 08:54:44 | INFO | File already exists, checking hash: uploads/legislation/ع.pdf
2025-10-31 08:54:44 | INFO | Downloading PDF: https://uaelegislation.gov.ae/ar/legislations/2121/download
2025-10-31 08:54:46 | INFO | Saved PDF: uploads/legislation/ع.pdf
2025-10-31 08:54:46 | INFO | Uploading uploads/legislation/ع.pdf to s3://akio-report-data/uae_legislation/ع.pdf
2025-10-31 08:54:47 | ERROR | Failed to upload uploads/legislation/ع.pdf to s3://akio-report-data/uae_legislation/ع.pdf: S3UploadFailedError: Failed to upload uploads/legislation/ع.pdf to akio-report-data/uae_legislation/ع.pdf: An error occurred (InvalidAccessKeyId) when calling the PutObject operation: The AWS Access Key Id you provided does not exist in our records.
2025-10-31 08:54:47 | WARNING | [async] S3 upload failed for uploads/legislation/ع.pdf: boto3/credentials issue
2025-10-31 08:54:47 | INFO | Extracting text from PDF: uploads/legislation/ع.pdf
2025-10-31 08:54:47 | INFO | Created 9 chunks from ع.pdf
2025-10-31 08:54:49 | INFO | File already exists, checking hash: uploads/legislation/EN.pdf
2025-10-31 08:54:49 | INFO | Downloading PDF: https://uaelegislation.gov.ae/en/legislations/1602/download
2025-10-31 08:54:51 | INFO | Saved PDF: uploads/legislation/EN.pdf
2025-10-31 08:54:51 | INFO | Uploading uploads/legislation/EN.pdf to s3://akio-report-data/uae_legislation/EN.pdf
2025-10-31 08:54:52 | ERROR | Failed to upload uploads/legislation/EN.pdf to s3://akio-report-data/uae_legislation/EN.pdf: S3UploadFailedError: Failed to upload uploads/legislation/EN.pdf to akio-report-data/uae_legislation/EN.pdf: An error occurred (InvalidAccessKeyId) when calling the PutObject operation: The AWS Access Key Id you provided does not exist in our records.
2025-10-31 08:54:52 | WARNING | [async] S3 upload failed for uploads/legislation/EN.pdf: boto3/credentials issue
2025-10-31 08:54:52 | INFO | Extracting text from PDF: uploads/legislation/EN.pdf
2025-10-31 08:54:53 | INFO | Created 171 chunks from EN.pdf
2025-10-31 08:55:02 | INFO | File already exists, checking hash: uploads/legislation/ع.pdf
2025-10-31 08:55:02 | INFO | Downloading PDF: https://uaelegislation.gov.ae/ar/legislations/1602/download
2025-10-31 08:55:04 | INFO | Saved PDF: uploads/legislation/ع.pdf
2025-10-31 08:55:04 | INFO | Uploading uploads/legislation/ع.pdf to s3://akio-report-data/uae_legislation/ع.pdf
2025-10-31 08:55:05 | ERROR | Failed to upload uploads/legislation/ع.pdf to s3://akio-report-data/uae_legislation/ع.pdf: S3UploadFailedError: Failed to upload uploads/legislation/ع.pdf to akio-report-data/uae_legislation/ع.pdf: An error occurred (InvalidAccessKeyId) when calling the PutObject operation: The AWS Access Key Id you provided does not exist in our records.
2025-10-31 08:55:05 | WARNING | [async] S3 upload failed for uploads/legislation/ع.pdf: boto3/credentials issue
2025-10-31 08:55:05 | INFO | Extracting text from PDF: uploads/legislation/ع.pdf
2025-10-31 08:55:07 | INFO | Created 37 chunks from ع.pdf
2025-10-31 08:55:13 | INFO | File already exists, checking hash: uploads/legislation/EN.pdf
2025-10-31 08:55:13 | INFO | Downloading PDF: https://uaelegislation.gov.ae/en/legislations/1609/download
2025-10-31 08:55:15 | INFO | Saved PDF: uploads/legislation/EN.pdf
2025-10-31 08:55:15 | INFO | Uploading uploads/legislation/EN.pdf to s3://akio-report-data/uae_legislation/EN.pdf
2025-10-31 08:55:16 | ERROR | Failed to upload uploads/legislation/EN.pdf to s3://akio-report-data/uae_legislation/EN.pdf: S3UploadFailedError: Failed to upload uploads/legislation/EN.pdf to akio-report-data/uae_legislation/EN.pdf: An error occurred (InvalidAccessKeyId) when calling the PutObject operation: The AWS Access Key Id you provided does not exist in our records.
2025-10-31 08:55:16 | WARNING | [async] S3 upload failed for uploads/legislation/EN.pdf: boto3/credentials issue
2025-10-31 08:55:16 | INFO | Extracting text from PDF: uploads/legislation/EN.pdf
2025-10-31 08:55:17 | INFO | Created 147 chunks from EN.pdf
2025-10-31 08:55:26 | INFO | File already exists, checking hash: uploads/legislation/ع.pdf
2025-10-31 08:55:26 | INFO | Downloading PDF: https://uaelegislation.gov.ae/ar/legislations/1609/download
2025-10-31 08:55:28 | INFO | Saved PDF: uploads/legislation/ع.pdf
2025-10-31 08:55:28 | INFO | Uploading uploads/legislation/ع.pdf to s3://akio-report-data/uae_legislation/ع.pdf
2025-10-31 08:55:30 | ERROR | Failed to upload uploads/legislation/ع.pdf to s3://akio-report-data/uae_legislation/ع.pdf: S3UploadFailedError: Failed to upload uploads/legislation/ع.pdf to akio-report-data/uae_legislation/ع.pdf: An error occurred (InvalidAccessKeyId) when calling the PutObject operation: The AWS Access Key Id you provided does not exist in our records.
2025-10-31 08:55:30 | WARNING | [async] S3 upload failed for uploads/legislation/ع.pdf: boto3/credentials issue
2025-10-31 08:55:30 | INFO | Extracting text from PDF: uploads/legislation/ع.pdf
2025-10-31 08:55:32 | INFO | Created 95 chunks from ع.pdf
2025-10-31 08:56:03 | INFO | File already exists, checking hash: uploads/legislation/EN.pdf
2025-10-31 08:56:03 | INFO | Downloading PDF: https://uaelegislation.gov.ae/en/legislations/1612/download
2025-10-31 08:56:04 | INFO | Saved PDF: uploads/legislation/EN.pdf
2025-10-31 08:56:04 | INFO | Uploading uploads/legislation/EN.pdf to s3://akio-report-data/uae_legislation/EN.pdf
2025-10-31 08:56:06 | ERROR | Failed to upload uploads/legislation/EN.pdf to s3://akio-report-data/uae_legislation/EN.pdf: S3UploadFailedError: Failed to upload uploads/legislation/EN.pdf to akio-report-data/uae_legislation/EN.pdf: An error occurred (InvalidAccessKeyId) when calling the PutObject operation: The AWS Access Key Id you provided does not exist in our records.
2025-10-31 08:56:06 | WARNING | [async] S3 upload failed for uploads/legislation/EN.pdf: boto3/credentials issue
2025-10-31 08:56:06 | INFO | Extracting text from PDF: uploads/legislation/EN.pdf
2025-10-31 08:56:06 | INFO | Created 46 chunks from EN.pdf
2025-10-31 08:56:09 | INFO | File already exists, checking hash: uploads/legislation/ع.pdf
2025-10-31 08:56:09 | INFO | Downloading PDF: https://uaelegislation.gov.ae/ar/legislations/1612/download
2025-10-31 08:56:11 | INFO | Saved PDF: uploads/legislation/ع.pdf
2025-10-31 08:56:11 | INFO | Uploading uploads/legislation/ع.pdf to s3://akio-report-data/uae_legislation/ع.pdf
2025-10-31 08:56:12 | ERROR | Failed to upload uploads/legislation/ع.pdf to s3://akio-report-data/uae_legislation/ع.pdf: S3UploadFailedError: Failed to upload uploads/legislation/ع.pdf to akio-report-data/uae_legislation/ع.pdf: An error occurred (InvalidAccessKeyId) when calling the PutObject operation: The AWS Access Key Id you provided does not exist in our records.
2025-10-31 08:56:12 | WARNING | [async] S3 upload failed for uploads/legislation/ع.pdf: boto3/credentials issue
2025-10-31 08:56:12 | INFO | Extracting text from PDF: uploads/legislation/ع.pdf
2025-10-31 08:56:12 | INFO | Created 9 chunks from ع.pdf
2025-10-31 08:56:14 | INFO | File already exists, checking hash: uploads/legislation/EN.pdf
2025-10-31 08:56:14 | INFO | Downloading PDF: https://uaelegislation.gov.ae/en/legislations/1581/download
2025-10-31 08:56:15 | INFO | Saved PDF: uploads/legislation/EN.pdf
2025-10-31 08:56:15 | INFO | Uploading uploads/legislation/EN.pdf to s3://akio-report-data/uae_legislation/EN.pdf
2025-10-31 08:56:16 | ERROR | Failed to upload uploads/legislation/EN.pdf to s3://akio-report-data/uae_legislation/EN.pdf: S3UploadFailedError: Failed to upload uploads/legislation/EN.pdf to akio-report-data/uae_legislation/EN.pdf: An error occurred (InvalidAccessKeyId) when calling the PutObject operation: The AWS Access Key Id you provided does not exist in our records.
2025-10-31 08:56:16 | WARNING | [async] S3 upload failed for uploads/legislation/EN.pdf: boto3/credentials issue
2025-10-31 08:56:16 | INFO | Extracting text from PDF: uploads/legislation/EN.pdf
2025-10-31 08:56:16 | INFO | Created 24 chunks from EN.pdf
2025-10-31 08:56:20 | INFO | File already exists, checking hash: uploads/legislation/ع.pdf
2025-10-31 08:56:20 | INFO | Downloading PDF: https://uaelegislation.gov.ae/ar/legislations/1581/download
2025-10-31 08:56:21 | INFO | Saved PDF: uploads/legislation/ع.pdf
2025-10-31 08:56:21 | INFO | Uploading uploads/legislation/ع.pdf to s3://akio-report-data/uae_legislation/ع.pdf
2025-10-31 08:56:22 | ERROR | Failed to upload uploads/legislation/ع.pdf to s3://akio-report-data/uae_legislation/ع.pdf: S3UploadFailedError: Failed to upload uploads/legislation/ع.pdf to akio-report-data/uae_legislation/ع.pdf: An error occurred (InvalidAccessKeyId) when calling the PutObject operation: The AWS Access Key Id you provided does not exist in our records.
2025-10-31 08:56:22 | WARNING | [async] S3 upload failed for uploads/legislation/ع.pdf: boto3/credentials issue
2025-10-31 08:56:22 | INFO | Extracting text from PDF: uploads/legislation/ع.pdf
2025-10-31 08:56:23 | INFO | Created 16 chunks from ع.pdf
2025-10-31 08:56:30 | INFO | File already exists, checking hash: uploads/legislation/EN.pdf
2025-10-31 08:56:30 | INFO | Downloading PDF: https://uaelegislation.gov.ae/en/legislations/1570/download
2025-10-31 08:56:31 | INFO | Saved PDF: uploads/legislation/EN.pdf
2025-10-31 08:56:31 | INFO | Uploading uploads/legislation/EN.pdf to s3://akio-report-data/uae_legislation/EN.pdf
2025-10-31 08:56:32 | ERROR | Failed to upload uploads/legislation/EN.pdf to s3://akio-report-data/uae_legislation/EN.pdf: S3UploadFailedError: Failed to upload uploads/legislation/EN.pdf to akio-report-data/uae_legislation/EN.pdf: An error occurred (InvalidAccessKeyId) when calling the PutObject operation: The AWS Access Key Id you provided does not exist in our records.
2025-10-31 08:56:32 | WARNING | [async] S3 upload failed for uploads/legislation/EN.pdf: boto3/credentials issue
2025-10-31 08:56:32 | INFO | Extracting text from PDF: uploads/legislation/EN.pdf
2025-10-31 08:56:33 | INFO | Created 38 chunks from EN.pdf
2025-10-31 08:56:36 | INFO | File already exists, checking hash: uploads/legislation/ع.pdf
2025-10-31 08:56:36 | INFO | Downloading PDF: https://uaelegislation.gov.ae/ar/legislations/1570/download
2025-10-31 08:56:38 | INFO | Saved PDF: uploads/legislation/ع.pdf
2025-10-31 08:56:38 | INFO | Uploading uploads/legislation/ع.pdf to s3://akio-report-data/uae_legislation/ع.pdf
2025-10-31 08:56:38 | ERROR | Failed to upload uploads/legislation/ع.pdf to s3://akio-report-data/uae_legislation/ع.pdf: S3UploadFailedError: Failed to upload uploads/legislation/ع.pdf to akio-report-data/uae_legislation/ع.pdf: An error occurred (InvalidAccessKeyId) when calling the PutObject operation: The AWS Access Key Id you provided does not exist in our records.
2025-10-31 08:56:38 | WARNING | [async] S3 upload failed for uploads/legislation/ع.pdf: boto3/credentials issue
2025-10-31 08:56:38 | INFO | Extracting text from PDF: uploads/legislation/ع.pdf
2025-10-31 08:56:39 | INFO | Created 27 chunks from ع.pdf
2025-10-31 08:56:42 | INFO | File already exists, checking hash: uploads/legislation/EN.pdf
2025-10-31 08:56:42 | INFO | Downloading PDF: https://uaelegislation.gov.ae/en/legislations/1615/download
2025-10-31 08:56:44 | INFO | Saved PDF: uploads/legislation/EN.pdf
2025-10-31 08:56:44 | INFO | Uploading uploads/legislation/EN.pdf to s3://akio-report-data/uae_legislation/EN.pdf
2025-10-31 08:56:45 | ERROR | Failed to upload uploads/legislation/EN.pdf to s3://akio-report-data/uae_legislation/EN.pdf: S3UploadFailedError: Failed to upload uploads/legislation/EN.pdf to akio-report-data/uae_legislation/EN.pdf: An error occurred (InvalidAccessKeyId) when calling the PutObject operation: The AWS Access Key Id you provided does not exist in our records.
2025-10-31 08:56:45 | WARNING | [async] S3 upload failed for uploads/legislation/EN.pdf: boto3/credentials issue
2025-10-31 08:56:45 | INFO | Extracting text from PDF: uploads/legislation/EN.pdf
2025-10-31 08:56:45 | INFO | Created 8 chunks from EN.pdf
2025-10-31 08:56:47 | INFO | File already exists, checking hash: uploads/legislation/ع.pdf
2025-10-31 08:56:47 | INFO | Downloading PDF: https://uaelegislation.gov.ae/ar/legislations/1615/download
2025-10-31 08:56:50 | INFO | Saved PDF: uploads/legislation/ع.pdf
2025-10-31 08:56:50 | INFO | Uploading uploads/legislation/ع.pdf to s3://akio-report-data/uae_legislation/ع.pdf
2025-10-31 08:56:55 | ERROR | Failed to upload uploads/legislation/ع.pdf to s3://akio-report-data/uae_legislation/ع.pdf: S3UploadFailedError: Failed to upload uploads/legislation/ع.pdf to akio-report-data/uae_legislation/ع.pdf: An error occurred (InvalidAccessKeyId) when calling the PutObject operation: The AWS Access Key Id you provided does not exist in our records.
2025-10-31 08:56:55 | WARNING | [async] S3 upload failed for uploads/legislation/ع.pdf: boto3/credentials issue
2025-10-31 08:56:55 | INFO | Extracting text from PDF: uploads/legislation/ع.pdf
2025-10-31 08:56:55 | INFO | Created 6 chunks from ع.pdf
2025-10-31 08:56:59 | INFO | File already exists, checking hash: uploads/legislation/EN.pdf
2025-10-31 08:56:59 | INFO | Downloading PDF: https://uaelegislation.gov.ae/en/legislations/1539/download
2025-10-31 08:57:00 | INFO | Saved PDF: uploads/legislation/EN.pdf
2025-10-31 08:57:00 | INFO | Uploading uploads/legislation/EN.pdf to s3://akio-report-data/uae_legislation/EN.pdf
2025-10-31 08:57:01 | ERROR | Failed to upload uploads/legislation/EN.pdf to s3://akio-report-data/uae_legislation/EN.pdf: S3UploadFailedError: Failed to upload uploads/legislation/EN.pdf to akio-report-data/uae_legislation/EN.pdf: An error occurred (InvalidAccessKeyId) when calling the PutObject operation: The AWS Access Key Id you provided does not exist in our records.
2025-10-31 08:57:01 | WARNING | [async] S3 upload failed for uploads/legislation/EN.pdf: boto3/credentials issue
2025-10-31 08:57:01 | INFO | Extracting text from PDF: uploads/legislation/EN.pdf
2025-10-31 08:57:02 | INFO | Created 39 chunks from EN.pdf
2025-10-31 08:57:09 | INFO | File already exists, checking hash: uploads/legislation/ع.pdf
2025-10-31 08:57:09 | INFO | Downloading PDF: https://uaelegislation.gov.ae/ar/legislations/1539/download
2025-10-31 08:57:11 | INFO | Saved PDF: uploads/legislation/ع.pdf
2025-10-31 08:57:11 | INFO | Uploading uploads/legislation/ع.pdf to s3://akio-report-data/uae_legislation/ع.pdf
2025-10-31 08:57:12 | ERROR | Failed to upload uploads/legislation/ع.pdf to s3://akio-report-data/uae_legislation/ع.pdf: S3UploadFailedError: Failed to upload uploads/legislation/ع.pdf to akio-report-data/uae_legislation/ع.pdf: An error occurred (InvalidAccessKeyId) when calling the PutObject operation: The AWS Access Key Id you provided does not exist in our records.
2025-10-31 08:57:12 | WARNING | [async] S3 upload failed for uploads/legislation/ع.pdf: boto3/credentials issue
2025-10-31 08:57:12 | INFO | Extracting text from PDF: uploads/legislation/ع.pdf
2025-10-31 08:57:12 | INFO | Created 12 chunks from ع.pdf
2025-10-31 08:57:15 | INFO | File already exists, checking hash: uploads/legislation/EN.pdf
2025-10-31 08:57:15 | INFO | Downloading PDF: https://uaelegislation.gov.ae/en/legislations/1978/download
2025-10-31 08:57:16 | INFO | Saved PDF: uploads/legislation/EN.pdf
2025-10-31 08:57:16 | INFO | Uploading uploads/legislation/EN.pdf to s3://akio-report-data/uae_legislation/EN.pdf
2025-10-31 08:57:17 | ERROR | Failed to upload uploads/legislation/EN.pdf to s3://akio-report-data/uae_legislation/EN.pdf: S3UploadFailedError: Failed to upload uploads/legislation/EN.pdf to akio-report-data/uae_legislation/EN.pdf: An error occurred (InvalidAccessKeyId) when calling the PutObject operation: The AWS Access Key Id you provided does not exist in our records.
2025-10-31 08:57:17 | WARNING | [async] S3 upload failed for uploads/legislation/EN.pdf: boto3/credentials issue
2025-10-31 08:57:17 | INFO | Extracting text from PDF: uploads/legislation/EN.pdf
2025-10-31 08:57:18 | INFO | Created 10 chunks from EN.pdf
2025-10-31 08:57:20 | INFO | File already exists, checking hash: uploads/legislation/ع.pdf
2025-10-31 08:57:20 | INFO | Downloading PDF: https://uaelegislation.gov.ae/ar/legislations/1978/download
2025-10-31 08:57:21 | INFO | Saved PDF: uploads/legislation/ع.pdf
2025-10-31 08:57:21 | INFO | Uploading uploads/legislation/ع.pdf to s3://akio-report-data/uae_legislation/ع.pdf
2025-10-31 08:57:22 | ERROR | Failed to upload uploads/legislation/ع.pdf to s3://akio-report-data/uae_legislation/ع.pdf: S3UploadFailedError: Failed to upload uploads/legislation/ع.pdf to akio-report-data/uae_legislation/ع.pdf: An error occurred (InvalidAccessKeyId) when calling the PutObject operation: The AWS Access Key Id you provided does not exist in our records.
2025-10-31 08:57:22 | WARNING | [async] S3 upload failed for uploads/legislation/ع.pdf: boto3/credentials issue
2025-10-31 08:57:22 | INFO | Extracting text from PDF: uploads/legislation/ع.pdf
2025-10-31 08:57:23 | INFO | Created 3 chunks from ع.pdf
2025-10-31 08:57:24 | INFO | File already exists, checking hash: uploads/legislation/EN.pdf
2025-10-31 08:57:24 | INFO | Downloading PDF: https://uaelegislation.gov.ae/en/legislations/1515/download
2025-10-31 08:57:25 | INFO | Saved PDF: uploads/legislation/EN.pdf
2025-10-31 08:57:25 | INFO | Uploading uploads/legislation/EN.pdf to s3://akio-report-data/uae_legislation/EN.pdf
2025-10-31 08:57:26 | ERROR | Failed to upload uploads/legislation/EN.pdf to s3://akio-report-data/uae_legislation/EN.pdf: S3UploadFailedError: Failed to upload uploads/legislation/EN.pdf to akio-report-data/uae_legislation/EN.pdf: An error occurred (InvalidAccessKeyId) when calling the PutObject operation: The AWS Access Key Id you provided does not exist in our records.
2025-10-31 08:57:26 | WARNING | [async] S3 upload failed for uploads/legislation/EN.pdf: boto3/credentials issue
2025-10-31 08:57:26 | INFO | Extracting text from PDF: uploads/legislation/EN.pdf
2025-10-31 08:57:26 | INFO | Created 15 chunks from EN.pdf
2025-10-31 08:57:28 | INFO | File already exists, checking hash: uploads/legislation/ع.pdf
2025-10-31 08:57:28 | INFO | Downloading PDF: https://uaelegislation.gov.ae/ar/legislations/1515/download
2025-10-31 08:57:30 | INFO | Saved PDF: uploads/legislation/ع.pdf
2025-10-31 08:57:30 | INFO | Uploading uploads/legislation/ع.pdf to s3://akio-report-data/uae_legislation/ع.pdf
2025-10-31 08:57:31 | ERROR | Failed to upload uploads/legislation/ع.pdf to s3://akio-report-data/uae_legislation/ع.pdf: S3UploadFailedError: Failed to upload uploads/legislation/ع.pdf to akio-report-data/uae_legislation/ع.pdf: An error occurred (InvalidAccessKeyId) when calling the PutObject operation: The AWS Access Key Id you provided does not exist in our records.
2025-10-31 08:57:31 | WARNING | [async] S3 upload failed for uploads/legislation/ع.pdf: boto3/credentials issue
2025-10-31 08:57:31 | INFO | Extracting text from PDF: uploads/legislation/ع.pdf
2025-10-31 08:57:32 | INFO | Created 11 chunks from ع.pdf
2025-10-31 08:57:34 | INFO | File already exists, checking hash: uploads/legislation/EN.pdf
2025-10-31 08:57:34 | INFO | Downloading PDF: https://uaelegislation.gov.ae/en/legislations/1977/download
2025-10-31 08:57:35 | INFO | Saved PDF: uploads/legislation/EN.pdf
2025-10-31 08:57:35 | INFO | Uploading uploads/legislation/EN.pdf to s3://akio-report-data/uae_legislation/EN.pdf
2025-10-31 08:57:36 | ERROR | Failed to upload uploads/legislation/EN.pdf to s3://akio-report-data/uae_legislation/EN.pdf: S3UploadFailedError: Failed to upload uploads/legislation/EN.pdf to akio-report-data/uae_legislation/EN.pdf: An error occurred (InvalidAccessKeyId) when calling the PutObject operation: The AWS Access Key Id you provided does not exist in our records.
2025-10-31 08:57:36 | WARNING | [async] S3 upload failed for uploads/legislation/EN.pdf: boto3/credentials issue
2025-10-31 08:57:36 | INFO | Extracting text from PDF: uploads/legislation/EN.pdf
2025-10-31 08:57:36 | INFO | Created 19 chunks from EN.pdf
2025-10-31 08:57:39 | INFO | File already exists, checking hash: uploads/legislation/ع.pdf
2025-10-31 08:57:39 | INFO | Downloading PDF: https://uaelegislation.gov.ae/ar/legislations/1977/download
2025-10-31 08:57:41 | INFO | Saved PDF: uploads/legislation/ع.pdf
2025-10-31 08:57:41 | INFO | Uploading uploads/legislation/ع.pdf to s3://akio-report-data/uae_legislation/ع.pdf
2025-10-31 08:57:42 | ERROR | Failed to upload uploads/legislation/ع.pdf to s3://akio-report-data/uae_legislation/ع.pdf: S3UploadFailedError: Failed to upload uploads/legislation/ع.pdf to akio-report-data/uae_legislation/ع.pdf: An error occurred (InvalidAccessKeyId) when calling the PutObject operation: The AWS Access Key Id you provided does not exist in our records.
2025-10-31 08:57:42 | WARNING | [async] S3 upload failed for uploads/legislation/ع.pdf: boto3/credentials issue
2025-10-31 08:57:42 | INFO | Extracting text from PDF: uploads/legislation/ع.pdf
2025-10-31 08:57:42 | INFO | Created 6 chunks from ع.pdf
2025-10-31 08:57:44 | INFO | File already exists, checking hash: uploads/legislation/EN.pdf
2025-10-31 08:57:44 | INFO | Downloading PDF: https://uaelegislation.gov.ae/en/legislations/2119/download
2025-10-31 08:57:46 | INFO | Saved PDF: uploads/legislation/EN.pdf
2025-10-31 08:57:46 | INFO | Uploading uploads/legislation/EN.pdf to s3://akio-report-data/uae_legislation/EN.pdf
2025-10-31 08:57:47 | ERROR | Failed to upload uploads/legislation/EN.pdf to s3://akio-report-data/uae_legislation/EN.pdf: S3UploadFailedError: Failed to upload uploads/legislation/EN.pdf to akio-report-data/uae_legislation/EN.pdf: An error occurred (InvalidAccessKeyId) when calling the PutObject operation: The AWS Access Key Id you provided does not exist in our records.
2025-10-31 08:57:47 | WARNING | [async] S3 upload failed for uploads/legislation/EN.pdf: boto3/credentials issue
2025-10-31 08:57:47 | INFO | Extracting text from PDF: uploads/legislation/EN.pdf
2025-10-31 08:57:47 | INFO | Created 12 chunks from EN.pdf
2025-10-31 08:57:49 | INFO | File already exists, checking hash: uploads/legislation/ع.pdf
2025-10-31 08:57:49 | INFO | Downloading PDF: https://uaelegislation.gov.ae/ar/legislations/2119/download
2025-10-31 08:57:51 | INFO | Saved PDF: uploads/legislation/ع.pdf
2025-10-31 08:57:51 | INFO | Uploading uploads/legislation/ع.pdf to s3://akio-report-data/uae_legislation/ع.pdf
2025-10-31 08:57:52 | ERROR | Failed to upload uploads/legislation/ع.pdf to s3://akio-report-data/uae_legislation/ع.pdf: S3UploadFailedError: Failed to upload uploads/legislation/ع.pdf to akio-report-data/uae_legislation/ع.pdf: An error occurred (InvalidAccessKeyId) when calling the PutObject operation: The AWS Access Key Id you provided does not exist in our records.
2025-10-31 08:57:52 | WARNING | [async] S3 upload failed for uploads/legislation/ع.pdf: boto3/credentials issue
2025-10-31 08:57:52 | INFO | Extracting text from PDF: uploads/legislation/ع.pdf
2025-10-31 08:57:52 | INFO | Created 3 chunks from ع.pdf
2025-10-31 08:57:53 | INFO | File already exists, checking hash: uploads/legislation/EN.pdf
2025-10-31 08:57:53 | INFO | Downloading PDF: https://uaelegislation.gov.ae/en/legislations/2470/download
2025-10-31 08:57:55 | INFO | Saved PDF: uploads/legislation/EN.pdf
2025-10-31 08:57:55 | INFO | Uploading uploads/legislation/EN.pdf to s3://akio-report-data/uae_legislation/EN.pdf
2025-10-31 08:57:55 | ERROR | Failed to upload uploads/legislation/EN.pdf to s3://akio-report-data/uae_legislation/EN.pdf: S3UploadFailedError: Failed to upload uploads/legislation/EN.pdf to akio-report-data/uae_legislation/EN.pdf: An error occurred (InvalidAccessKeyId) when calling the PutObject operation: The AWS Access Key Id you provided does not exist in our records.
2025-10-31 08:57:55 | WARNING | [async] S3 upload failed for uploads/legislation/EN.pdf: boto3/credentials issue
2025-10-31 08:57:55 | INFO | Extracting text from PDF: uploads/legislation/EN.pdf
2025-10-31 08:57:55 | INFO | Created 2 chunks from EN.pdf
2025-10-31 08:57:56 | INFO | File already exists, checking hash: uploads/legislation/ع.pdf
2025-10-31 08:57:56 | INFO | Downloading PDF: https://uaelegislation.gov.ae/ar/legislations/2470/download
2025-10-31 08:57:58 | INFO | Saved PDF: uploads/legislation/ع.pdf
2025-10-31 08:57:58 | INFO | Uploading uploads/legislation/ع.pdf to s3://akio-report-data/uae_legislation/ع.pdf
2025-10-31 08:57:59 | ERROR | Failed to upload uploads/legislation/ع.pdf to s3://akio-report-data/uae_legislation/ع.pdf: S3UploadFailedError: Failed to upload uploads/legislation/ع.pdf to akio-report-data/uae_legislation/ع.pdf: An error occurred (InvalidAccessKeyId) when calling the PutObject operation: The AWS Access Key Id you provided does not exist in our records.
2025-10-31 08:57:59 | WARNING | [async] S3 upload failed for uploads/legislation/ع.pdf: boto3/credentials issue
2025-10-31 08:57:59 | INFO | Extracting text from PDF: uploads/legislation/ع.pdf
2025-10-31 08:57:59 | INFO | Created 1 chunks from ع.pdf
2025-10-31 08:58:00 | INFO | File already exists, checking hash: uploads/legislation/EN.pdf
2025-10-31 08:58:00 | INFO | Downloading PDF: https://uaelegislation.gov.ae/en/legislations/1446/download
2025-10-31 08:58:02 | INFO | Saved PDF: uploads/legislation/EN.pdf
2025-10-31 08:58:02 | INFO | Uploading uploads/legislation/EN.pdf to s3://akio-report-data/uae_legislation/EN.pdf
2025-10-31 08:58:03 | ERROR | Failed to upload uploads/legislation/EN.pdf to s3://akio-report-data/uae_legislation/EN.pdf: S3UploadFailedError: Failed to upload uploads/legislation/EN.pdf to akio-report-data/uae_legislation/EN.pdf: An error occurred (InvalidAccessKeyId) when calling the PutObject operation: The AWS Access Key Id you provided does not exist in our records.
2025-10-31 08:58:03 | WARNING | [async] S3 upload failed for uploads/legislation/EN.pdf: boto3/credentials issue
2025-10-31 08:58:03 | INFO | Extracting text from PDF: uploads/legislation/EN.pdf
2025-10-31 08:58:04 | INFO | Created 26 chunks from EN.pdf
2025-10-31 08:58:11 | INFO | File already exists, checking hash: uploads/legislation/ع.pdf
2025-10-31 08:58:11 | INFO | Downloading PDF: https://uaelegislation.gov.ae/ar/legislations/1446/download
2025-10-31 08:58:13 | INFO | Saved PDF: uploads/legislation/ع.pdf
2025-10-31 08:58:13 | INFO | Uploading uploads/legislation/ع.pdf to s3://akio-report-data/uae_legislation/ع.pdf
2025-10-31 08:58:14 | ERROR | Failed to upload uploads/legislation/ع.pdf to s3://akio-report-data/uae_legislation/ع.pdf: S3UploadFailedError: Failed to upload uploads/legislation/ع.pdf to akio-report-data/uae_legislation/ع.pdf: An error occurred (InvalidAccessKeyId) when calling the PutObject operation: The AWS Access Key Id you provided does not exist in our records.
2025-10-31 08:58:14 | WARNING | [async] S3 upload failed for uploads/legislation/ع.pdf: boto3/credentials issue
2025-10-31 08:58:14 | INFO | Extracting text from PDF: uploads/legislation/ع.pdf
2025-10-31 08:58:15 | INFO | Created 21 chunks from ع.pdf
2025-10-31 08:58:17 | INFO | File already exists, checking hash: uploads/legislation/EN.pdf
2025-10-31 08:58:17 | INFO | Downloading PDF: https://uaelegislation.gov.ae/en/legislations/1032/download
2025-10-31 08:58:19 | INFO | Saved PDF: uploads/legislation/EN.pdf
2025-10-31 08:58:19 | INFO | Uploading uploads/legislation/EN.pdf to s3://akio-report-data/uae_legislation/EN.pdf
2025-10-31 08:58:20 | ERROR | Failed to upload uploads/legislation/EN.pdf to s3://akio-report-data/uae_legislation/EN.pdf: S3UploadFailedError: Failed to upload uploads/legislation/EN.pdf to akio-report-data/uae_legislation/EN.pdf: An error occurred (InvalidAccessKeyId) when calling the PutObject operation: The AWS Access Key Id you provided does not exist in our records.
2025-10-31 08:58:20 | WARNING | [async] S3 upload failed for uploads/legislation/EN.pdf: boto3/credentials issue
2025-10-31 08:58:20 | INFO | Extracting text from PDF: uploads/legislation/EN.pdf
2025-10-31 08:58:20 | INFO | Created 38 chunks from EN.pdf
2025-10-31 08:58:23 | INFO | File already exists, checking hash: uploads/legislation/ع.pdf
2025-10-31 08:58:23 | INFO | Downloading PDF: https://uaelegislation.gov.ae/ar/legislations/1032/download
2025-10-31 08:58:25 | INFO | Saved PDF: uploads/legislation/ع.pdf
2025-10-31 08:58:25 | INFO | Uploading uploads/legislation/ع.pdf to s3://akio-report-data/uae_legislation/ع.pdf
2025-10-31 08:58:26 | ERROR | Failed to upload uploads/legislation/ع.pdf to s3://akio-report-data/uae_legislation/ع.pdf: S3UploadFailedError: Failed to upload uploads/legislation/ع.pdf to akio-report-data/uae_legislation/ع.pdf: An error occurred (InvalidAccessKeyId) when calling the PutObject operation: The AWS Access Key Id you provided does not exist in our records.
2025-10-31 08:58:26 | WARNING | [async] S3 upload failed for uploads/legislation/ع.pdf: boto3/credentials issue
2025-10-31 08:58:26 | INFO | Extracting text from PDF: uploads/legislation/ع.pdf
2025-10-31 08:58:26 | INFO | Created 28 chunks from ع.pdf
2025-10-31 08:58:31 | INFO | File already exists, checking hash: uploads/legislation/EN.pdf
2025-10-31 08:58:31 | INFO | Downloading PDF: https://uaelegislation.gov.ae/en/legislations/1431/download
2025-10-31 08:58:32 | INFO | Saved PDF: uploads/legislation/EN.pdf
2025-10-31 08:58:32 | INFO | Uploading uploads/legislation/EN.pdf to s3://akio-report-data/uae_legislation/EN.pdf
2025-10-31 08:58:36 | ERROR | Failed to upload uploads/legislation/EN.pdf to s3://akio-report-data/uae_legislation/EN.pdf: S3UploadFailedError: Failed to upload uploads/legislation/EN.pdf to akio-report-data/uae_legislation/EN.pdf: An error occurred (InvalidAccessKeyId) when calling the PutObject operation: The AWS Access Key Id you provided does not exist in our records.
2025-10-31 08:58:36 | WARNING | [async] S3 upload failed for uploads/legislation/EN.pdf: boto3/credentials issue
2025-10-31 08:58:36 | INFO | Extracting text from PDF: uploads/legislation/EN.pdf
2025-10-31 08:58:36 | INFO | Created 9 chunks from EN.pdf
2025-10-31 08:58:39 | INFO | File already exists, checking hash: uploads/legislation/ع.pdf
2025-10-31 08:58:39 | INFO | Downloading PDF: https://uaelegislation.gov.ae/ar/legislations/1431/download
2025-10-31 08:58:43 | INFO | Saved PDF: uploads/legislation/ع.pdf
2025-10-31 08:58:43 | INFO | Uploading uploads/legislation/ع.pdf to s3://akio-report-data/uae_legislation/ع.pdf
2025-10-31 08:59:45 | ERROR | Failed to upload uploads/legislation/ع.pdf to s3://akio-report-data/uae_legislation/ع.pdf: S3UploadFailedError: Failed to upload uploads/legislation/ع.pdf to akio-report-data/uae_legislation/ع.pdf: An error occurred (InvalidAccessKeyId) when calling the PutObject operation: The AWS Access Key Id you provided does not exist in our records.
2025-10-31 08:59:45 | WARNING | [async] S3 upload failed for uploads/legislation/ع.pdf: boto3/credentials issue
2025-10-31 08:59:45 | INFO | Extracting text from PDF: uploads/legislation/ع.pdf
2025-10-31 08:59:45 | INFO | Created 7 chunks from ع.pdf
2025-10-31 08:59:49 | INFO | File already exists, checking hash: uploads/legislation/EN.pdf
2025-10-31 08:59:49 | INFO | Downloading PDF: https://uaelegislation.gov.ae/en/legislations/1188/download
2025-10-31 08:59:51 | INFO | Saved PDF: uploads/legislation/EN.pdf
2025-10-31 08:59:51 | INFO | Uploading uploads/legislation/EN.pdf to s3://akio-report-data/uae_legislation/EN.pdf
2025-10-31 08:59:55 | ERROR | Failed to upload uploads/legislation/EN.pdf to s3://akio-report-data/uae_legislation/EN.pdf: S3UploadFailedError: Failed to upload uploads/legislation/EN.pdf to akio-report-data/uae_legislation/EN.pdf: An error occurred (InvalidAccessKeyId) when calling the PutObject operation: The AWS Access Key Id you provided does not exist in our records.
2025-10-31 08:59:55 | WARNING | [async] S3 upload failed for uploads/legislation/EN.pdf: boto3/credentials issue
2025-10-31 08:59:55 | INFO | Extracting text from PDF: uploads/legislation/EN.pdf
2025-10-31 08:59:55 | INFO | Created 23 chunks from EN.pdf
2025-10-31 08:59:58 | INFO | File already exists, checking hash: uploads/legislation/ع.pdf
2025-10-31 08:59:58 | INFO | Downloading PDF: https://uaelegislation.gov.ae/ar/legislations/1188/download
2025-10-31 09:00:01 | INFO | Saved PDF: uploads/legislation/ع.pdf
2025-10-31 09:00:01 | INFO | Uploading uploads/legislation/ع.pdf to s3://akio-report-data/uae_legislation/ع.pdf
2025-10-31 09:00:02 | ERROR | Failed to upload uploads/legislation/ع.pdf to s3://akio-report-data/uae_legislation/ع.pdf: S3UploadFailedError: Failed to upload uploads/legislation/ع.pdf to akio-report-data/uae_legislation/ع.pdf: An error occurred (InvalidAccessKeyId) when calling the PutObject operation: The AWS Access Key Id you provided does not exist in our records.
2025-10-31 09:00:02 | WARNING | [async] S3 upload failed for uploads/legislation/ع.pdf: boto3/credentials issue
2025-10-31 09:00:02 | INFO | Extracting text from PDF: uploads/legislation/ع.pdf
2025-10-31 09:00:03 | INFO | Created 17 chunks from ع.pdf
2025-10-31 09:00:05 | INFO | File already exists, checking hash: uploads/legislation/EN.pdf
2025-10-31 09:00:05 | INFO | Downloading PDF: https://uaelegislation.gov.ae/en/legislations/1124/download
2025-10-31 09:00:08 | INFO | Saved PDF: uploads/legislation/EN.pdf
2025-10-31 09:00:08 | INFO | Uploading uploads/legislation/EN.pdf to s3://akio-report-data/uae_legislation/EN.pdf
2025-10-31 09:00:12 | ERROR | Failed to upload uploads/legislation/EN.pdf to s3://akio-report-data/uae_legislation/EN.pdf: S3UploadFailedError: Failed to upload uploads/legislation/EN.pdf to akio-report-data/uae_legislation/EN.pdf: An error occurred (InvalidAccessKeyId) when calling the PutObject operation: The AWS Access Key Id you provided does not exist in our records.
2025-10-31 09:00:12 | WARNING | [async] S3 upload failed for uploads/legislation/EN.pdf: boto3/credentials issue
2025-10-31 09:00:12 | INFO | Extracting text from PDF: uploads/legislation/EN.pdf
2025-10-31 09:00:12 | INFO | Created 10 chunks from EN.pdf
2025-10-31 09:00:15 | INFO | File already exists, checking hash: uploads/legislation/ع.pdf
2025-10-31 09:00:15 | INFO | Downloading PDF: https://uaelegislation.gov.ae/ar/legislations/1124/download
2025-10-31 09:00:17 | INFO | Saved PDF: uploads/legislation/ع.pdf
2025-10-31 09:00:17 | INFO | Uploading uploads/legislation/ع.pdf to s3://akio-report-data/uae_legislation/ع.pdf
2025-10-31 09:00:20 | ERROR | Failed to upload uploads/legislation/ع.pdf to s3://akio-report-data/uae_legislation/ع.pdf: S3UploadFailedError: Failed to upload uploads/legislation/ع.pdf to akio-report-data/uae_legislation/ع.pdf: An error occurred (InvalidAccessKeyId) when calling the PutObject operation: The AWS Access Key Id you provided does not exist in our records.
2025-10-31 09:00:20 | WARNING | [async] S3 upload failed for uploads/legislation/ع.pdf: boto3/credentials issue
2025-10-31 09:00:20 | INFO | Extracting text from PDF: uploads/legislation/ع.pdf
2025-10-31 09:00:21 | INFO | Created 9 chunks from ع.pdf
2025-10-31 09:01:19 | INFO | [async] Fetching listing page: https://uaelegislation.gov.ae/en/legislations?sector=47
2025-10-31 09:01:26 | INFO | [async] Discovered 2 detail pages from listing (limited)
2025-10-31 09:01:26 | WARNING | [async] Failed fetching detail page https://uaelegislation.gov.ae/en/legislations/2121: Page.goto: net::ERR_ABORTED at https://uaelegislation.gov.ae/en/legislations/2121
Call log:
  - navigating to "https://uaelegislation.gov.ae/en/legislations/2121", waiting until "load"

2025-10-31 09:01:31 | INFO | [async] PDF discovery completed: 50 links in 11.28s
2025-10-31 09:01:31 | INFO | File already exists, checking hash: uploads/legislation/EN.pdf
2025-10-31 09:01:31 | INFO | Downloading PDF: https://uaelegislation.gov.ae/en/legislations/2121/download
2025-10-31 09:01:32 | INFO | Saved PDF: uploads/legislation/EN.pdf
2025-10-31 09:01:32 | INFO | Uploading uploads/legislation/EN.pdf to s3://akio-report-data/uae_legislation/EN.pdf
2025-10-31 09:01:33 | ERROR | Failed to upload uploads/legislation/EN.pdf to s3://akio-report-data/uae_legislation/EN.pdf: S3UploadFailedError: Failed to upload uploads/legislation/EN.pdf to akio-report-data/uae_legislation/EN.pdf: An error occurred (InvalidAccessKeyId) when calling the PutObject operation: The AWS Access Key Id you provided does not exist in our records.
2025-10-31 09:01:33 | WARNING | [async] S3 upload failed for uploads/legislation/EN.pdf: boto3/credentials issue
2025-10-31 09:01:33 | INFO | Extracting text from PDF: uploads/legislation/EN.pdf
2025-10-31 09:01:34 | INFO | Created 28 chunks from EN.pdf
2025-10-31 09:01:37 | INFO | File already exists, checking hash: uploads/legislation/ع.pdf
2025-10-31 09:01:37 | INFO | Downloading PDF: https://uaelegislation.gov.ae/ar/legislations/2121/download
2025-10-31 09:01:38 | INFO | Saved PDF: uploads/legislation/ع.pdf
2025-10-31 09:01:38 | INFO | Uploading uploads/legislation/ع.pdf to s3://akio-report-data/uae_legislation/ع.pdf
2025-10-31 09:01:39 | ERROR | Failed to upload uploads/legislation/ع.pdf to s3://akio-report-data/uae_legislation/ع.pdf: S3UploadFailedError: Failed to upload uploads/legislation/ع.pdf to akio-report-data/uae_legislation/ع.pdf: An error occurred (InvalidAccessKeyId) when calling the PutObject operation: The AWS Access Key Id you provided does not exist in our records.
2025-10-31 09:01:39 | WARNING | [async] S3 upload failed for uploads/legislation/ع.pdf: boto3/credentials issue
2025-10-31 09:01:39 | INFO | Extracting text from PDF: uploads/legislation/ع.pdf
2025-10-31 09:01:39 | INFO | Created 9 chunks from ع.pdf
2025-10-31 09:01:42 | INFO | File already exists, checking hash: uploads/legislation/EN.pdf
2025-10-31 09:01:42 | INFO | Downloading PDF: https://uaelegislation.gov.ae/en/legislations/1602/download
2025-10-31 09:01:44 | INFO | Saved PDF: uploads/legislation/EN.pdf
2025-10-31 09:01:44 | INFO | Uploading uploads/legislation/EN.pdf to s3://akio-report-data/uae_legislation/EN.pdf
2025-10-31 09:01:45 | ERROR | Failed to upload uploads/legislation/EN.pdf to s3://akio-report-data/uae_legislation/EN.pdf: S3UploadFailedError: Failed to upload uploads/legislation/EN.pdf to akio-report-data/uae_legislation/EN.pdf: An error occurred (InvalidAccessKeyId) when calling the PutObject operation: The AWS Access Key Id you provided does not exist in our records.
2025-10-31 09:01:45 | WARNING | [async] S3 upload failed for uploads/legislation/EN.pdf: boto3/credentials issue
2025-10-31 09:01:45 | INFO | Extracting text from PDF: uploads/legislation/EN.pdf
